,LOCATION.8,INDICATOR.7,SUBJECT.3,MEASURE.7,TIME.8,VALUE.8
6290,NZL,AIREMISSION,CO2,MLN_TONNE,1990.0,21.749094
6291,NZL,AIREMISSION,CO2,MLN_TONNE,1991.0,22.069370000000003
6292,NZL,AIREMISSION,CO2,MLN_TONNE,1992.0,23.80636
6293,NZL,AIREMISSION,CO2,MLN_TONNE,1993.0,23.423246
6294,NZL,AIREMISSION,CO2,MLN_TONNE,1994.0,23.727691
6295,NZL,AIREMISSION,CO2,MLN_TONNE,1995.0,23.933941
6296,NZL,AIREMISSION,CO2,MLN_TONNE,1996.0,24.946629
6297,NZL,AIREMISSION,CO2,MLN_TONNE,1997.0,27.183805
6298,NZL,AIREMISSION,CO2,MLN_TONNE,1998.0,26.723623
6299,NZL,AIREMISSION,CO2,MLN_TONNE,1999.0,28.116260999999998
6300,NZL,AIREMISSION,CO2,MLN_TONNE,2000.0,28.982091999999998
6301,NZL,AIREMISSION,CO2,MLN_TONNE,2001.0,31.182878999999996
6302,NZL,AIREMISSION,CO2,MLN_TONNE,2002.0,31.085853000000004
6303,NZL,AIREMISSION,CO2,MLN_TONNE,2003.0,32.965277
6304,NZL,AIREMISSION,CO2,MLN_TONNE,2004.0,32.429867
6305,NZL,AIREMISSION,CO2,MLN_TONNE,2005.0,33.690287
6306,NZL,AIREMISSION,CO2,MLN_TONNE,2006.0,33.742482
6307,NZL,AIREMISSION,CO2,MLN_TONNE,2007.0,32.602133
6308,NZL,AIREMISSION,CO2,MLN_TONNE,2008.0,33.460865999999996
6309,NZL,AIREMISSION,CO2,MLN_TONNE,2009.0,30.460749
6310,NZL,AIREMISSION,CO2,MLN_TONNE,2010.0,30.347958000000002
6311,NZL,AIREMISSION,CO2,MLN_TONNE,2011.0,29.588375
6312,NZL,AIREMISSION,CO2,MLN_TONNE,2012.0,31.224908000000003
6313,NZL,AIREMISSION,CO2,MLN_TONNE,2013.0,30.964596000000004
6314,NZL,AIREMISSION,CO2,MLN_TONNE,2014.0,31.237609000000003
6315,NZL,AIREMISSION,CO2,MLN_TONNE,2015.0,31.258941999999998
6316,NZL,AIREMISSION,CO2,MLN_TONNE,2016.0,30.434541999999997
6317,NZL,AIREMISSION,CO2,MLN_TONNE,2017.0,32.241597
6318,NZL,AIREMISSION,CO2,MLN_TONNE,2018.0,30.764127000000002
6319,NZL,AIREMISSION,CO,THND_TONNE,1990.0,602.7769999999999
6320,NZL,AIREMISSION,CO,THND_TONNE,1991.0,594.259
6321,NZL,AIREMISSION,CO,THND_TONNE,1992.0,600.995
6322,NZL,AIREMISSION,CO,THND_TONNE,1993.0,604.078
6323,NZL,AIREMISSION,CO,THND_TONNE,1994.0,632.66
6324,NZL,AIREMISSION,CO,THND_TONNE,1995.0,637.734
6325,NZL,AIREMISSION,CO,THND_TONNE,1996.0,637.372
6326,NZL,AIREMISSION,CO,THND_TONNE,1997.0,658.518
6327,NZL,AIREMISSION,CO,THND_TONNE,1998.0,664.5160000000001
6328,NZL,AIREMISSION,CO,THND_TONNE,1999.0,677.3439999999999
6329,NZL,AIREMISSION,CO,THND_TONNE,2000.0,678.674
6330,NZL,AIREMISSION,CO,THND_TONNE,2001.0,684.297
6331,NZL,AIREMISSION,CO,THND_TONNE,2002.0,704.283
6332,NZL,AIREMISSION,CO,THND_TONNE,2003.0,721.132
6333,NZL,AIREMISSION,CO,THND_TONNE,2004.0,740.1469999999999
6334,NZL,AIREMISSION,CO,THND_TONNE,2005.0,732.816
6335,NZL,AIREMISSION,CO,THND_TONNE,2006.0,733.638
6336,NZL,AIREMISSION,CO,THND_TONNE,2007.0,747.206
6337,NZL,AIREMISSION,CO,THND_TONNE,2008.0,726.7310000000001
6338,NZL,AIREMISSION,CO,THND_TONNE,2009.0,710.865
6339,NZL,AIREMISSION,CO,THND_TONNE,2010.0,725.743
6340,NZL,AIREMISSION,CO,THND_TONNE,2011.0,713.477
6341,NZL,AIREMISSION,CO,THND_TONNE,2012.0,707.342
6342,NZL,AIREMISSION,CO,THND_TONNE,2013.0,703.747
6343,NZL,AIREMISSION,CO,THND_TONNE,2014.0,703.715
6344,NZL,AIREMISSION,CO,THND_TONNE,2015.0,714.7660000000001
6345,NZL,AIREMISSION,CO,THND_TONNE,2016.0,730.977
6346,NZL,AIREMISSION,CO,THND_TONNE,2017.0,747.565
6347,NZL,AIREMISSION,CO,THND_TONNE,2018.0,739.8
6348,NZL,AIREMISSION,NOX,THND_TONNE,1990.0,101.705
6349,NZL,AIREMISSION,NOX,THND_TONNE,1991.0,102.984
6350,NZL,AIREMISSION,NOX,THND_TONNE,1992.0,112.395
6351,NZL,AIREMISSION,NOX,THND_TONNE,1993.0,113.90799999999999
6352,NZL,AIREMISSION,NOX,THND_TONNE,1994.0,118.09899999999999
6353,NZL,AIREMISSION,NOX,THND_TONNE,1995.0,121.206
6354,NZL,AIREMISSION,NOX,THND_TONNE,1996.0,126.97
6355,NZL,AIREMISSION,NOX,THND_TONNE,1997.0,135.055
6356,NZL,AIREMISSION,NOX,THND_TONNE,1998.0,129.91299999999998
6357,NZL,AIREMISSION,NOX,THND_TONNE,1999.0,137.92700000000002
6358,NZL,AIREMISSION,NOX,THND_TONNE,2000.0,144.965
6359,NZL,AIREMISSION,NOX,THND_TONNE,2001.0,152.05100000000002
6360,NZL,AIREMISSION,NOX,THND_TONNE,2002.0,155.395
6361,NZL,AIREMISSION,NOX,THND_TONNE,2003.0,162.97299999999998
6362,NZL,AIREMISSION,NOX,THND_TONNE,2004.0,157.39700000000002
6363,NZL,AIREMISSION,NOX,THND_TONNE,2005.0,165.84799999999998
6364,NZL,AIREMISSION,NOX,THND_TONNE,2006.0,165.202
6365,NZL,AIREMISSION,NOX,THND_TONNE,2007.0,161.481
6366,NZL,AIREMISSION,NOX,THND_TONNE,2008.0,164.235
6367,NZL,AIREMISSION,NOX,THND_TONNE,2009.0,154.191
6368,NZL,AIREMISSION,NOX,THND_TONNE,2010.0,155.77700000000002
6369,NZL,AIREMISSION,NOX,THND_TONNE,2011.0,155.394
6370,NZL,AIREMISSION,NOX,THND_TONNE,2012.0,163.589
6371,NZL,AIREMISSION,NOX,THND_TONNE,2013.0,163.561
6372,NZL,AIREMISSION,NOX,THND_TONNE,2014.0,164.19799999999998
6373,NZL,AIREMISSION,NOX,THND_TONNE,2015.0,165.662
6374,NZL,AIREMISSION,NOX,THND_TONNE,2016.0,159.713
6375,NZL,AIREMISSION,NOX,THND_TONNE,2017.0,170.77900000000002
6376,NZL,AIREMISSION,NOX,THND_TONNE,2018.0,168.34099999999998
6377,NZL,AIREMISSION,SOX,THND_TONNE,1990.0,57.059
6378,NZL,AIREMISSION,SOX,THND_TONNE,1991.0,55.246
6379,NZL,AIREMISSION,SOX,THND_TONNE,1992.0,60.16
6380,NZL,AIREMISSION,SOX,THND_TONNE,1993.0,58.543
6381,NZL,AIREMISSION,SOX,THND_TONNE,1994.0,59.268
6382,NZL,AIREMISSION,SOX,THND_TONNE,1995.0,62.169
6383,NZL,AIREMISSION,SOX,THND_TONNE,1996.0,60.867
6384,NZL,AIREMISSION,SOX,THND_TONNE,1997.0,61.813
6385,NZL,AIREMISSION,SOX,THND_TONNE,1998.0,61.872
6386,NZL,AIREMISSION,SOX,THND_TONNE,1999.0,66.245
6387,NZL,AIREMISSION,SOX,THND_TONNE,2000.0,70.611
6388,NZL,AIREMISSION,SOX,THND_TONNE,2001.0,74.804
6389,NZL,AIREMISSION,SOX,THND_TONNE,2002.0,76.38600000000001
6390,NZL,AIREMISSION,SOX,THND_TONNE,2003.0,89.97200000000001
6391,NZL,AIREMISSION,SOX,THND_TONNE,2004.0,86.899
6392,NZL,AIREMISSION,SOX,THND_TONNE,2005.0,93.425
6393,NZL,AIREMISSION,SOX,THND_TONNE,2006.0,89.664
6394,NZL,AIREMISSION,SOX,THND_TONNE,2007.0,81.98899999999999
6395,NZL,AIREMISSION,SOX,THND_TONNE,2008.0,87.28299999999999
6396,NZL,AIREMISSION,SOX,THND_TONNE,2009.0,74.348
6397,NZL,AIREMISSION,SOX,THND_TONNE,2010.0,73.498
6398,NZL,AIREMISSION,SOX,THND_TONNE,2011.0,74.075
6399,NZL,AIREMISSION,SOX,THND_TONNE,2012.0,78.62100000000001
6400,NZL,AIREMISSION,SOX,THND_TONNE,2013.0,75.527
6401,NZL,AIREMISSION,SOX,THND_TONNE,2014.0,73.587
6402,NZL,AIREMISSION,SOX,THND_TONNE,2015.0,75.759
6403,NZL,AIREMISSION,SOX,THND_TONNE,2016.0,69.352
6404,NZL,AIREMISSION,SOX,THND_TONNE,2017.0,73.668
6405,NZL,AIREMISSION,SOX,THND_TONNE,2018.0,71.35
6406,NZL,AIREMISSION,VOC,THND_TONNE,1990.0,144.999
6407,NZL,AIREMISSION,VOC,THND_TONNE,1991.0,144.554
6408,NZL,AIREMISSION,VOC,THND_TONNE,1992.0,148.63299999999998
6409,NZL,AIREMISSION,VOC,THND_TONNE,1993.0,148.278
6410,NZL,AIREMISSION,VOC,THND_TONNE,1994.0,155.293
6411,NZL,AIREMISSION,VOC,THND_TONNE,1995.0,157.245
6412,NZL,AIREMISSION,VOC,THND_TONNE,1996.0,156.106
6413,NZL,AIREMISSION,VOC,THND_TONNE,1997.0,165.30700000000002
6414,NZL,AIREMISSION,VOC,THND_TONNE,1998.0,166.946
6415,NZL,AIREMISSION,VOC,THND_TONNE,1999.0,169.487
6416,NZL,AIREMISSION,VOC,THND_TONNE,2000.0,169.84900000000002
6417,NZL,AIREMISSION,VOC,THND_TONNE,2001.0,171.25799999999998
6418,NZL,AIREMISSION,VOC,THND_TONNE,2002.0,173.56900000000002
6419,NZL,AIREMISSION,VOC,THND_TONNE,2003.0,176.243
6420,NZL,AIREMISSION,VOC,THND_TONNE,2004.0,180.26
6421,NZL,AIREMISSION,VOC,THND_TONNE,2005.0,179.50099999999998
6422,NZL,AIREMISSION,VOC,THND_TONNE,2006.0,180.968
6423,NZL,AIREMISSION,VOC,THND_TONNE,2007.0,182.86900000000003
6424,NZL,AIREMISSION,VOC,THND_TONNE,2008.0,181.71900000000002
6425,NZL,AIREMISSION,VOC,THND_TONNE,2009.0,179.86700000000002
6426,NZL,AIREMISSION,VOC,THND_TONNE,2010.0,181.304
6427,NZL,AIREMISSION,VOC,THND_TONNE,2011.0,180.93599999999998
6428,NZL,AIREMISSION,VOC,THND_TONNE,2012.0,180.17700000000002
6429,NZL,AIREMISSION,VOC,THND_TONNE,2013.0,179.80599999999998
6430,NZL,AIREMISSION,VOC,THND_TONNE,2014.0,181.081
6431,NZL,AIREMISSION,VOC,THND_TONNE,2015.0,185.53
6432,NZL,AIREMISSION,VOC,THND_TONNE,2016.0,188.765
6433,NZL,AIREMISSION,VOC,THND_TONNE,2017.0,192.75
6434,NZL,AIREMISSION,VOC,THND_TONNE,2018.0,191.34900000000002
6435,NZL,AIREMISSION,CO2,TONNE_CAP,1990.0,6.4
6436,NZL,AIREMISSION,CO2,TONNE_CAP,1991.0,6.3
6437,NZL,AIREMISSION,CO2,TONNE_CAP,1992.0,6.7
6438,NZL,AIREMISSION,CO2,TONNE_CAP,1993.0,6.5
6439,NZL,AIREMISSION,CO2,TONNE_CAP,1994.0,6.5
6440,NZL,AIREMISSION,CO2,TONNE_CAP,1995.0,6.5
6441,NZL,AIREMISSION,CO2,TONNE_CAP,1996.0,6.7
6442,NZL,AIREMISSION,CO2,TONNE_CAP,1997.0,7.2
6443,NZL,AIREMISSION,CO2,TONNE_CAP,1998.0,7.0
6444,NZL,AIREMISSION,CO2,TONNE_CAP,1999.0,7.3
6445,NZL,AIREMISSION,CO2,TONNE_CAP,2000.0,7.5
6446,NZL,AIREMISSION,CO2,TONNE_CAP,2001.0,8.0
6447,NZL,AIREMISSION,CO2,TONNE_CAP,2002.0,7.8
6448,NZL,AIREMISSION,CO2,TONNE_CAP,2003.0,8.2
6449,NZL,AIREMISSION,CO2,TONNE_CAP,2004.0,7.9
6450,NZL,AIREMISSION,CO2,TONNE_CAP,2005.0,8.1
6451,NZL,AIREMISSION,CO2,TONNE_CAP,2006.0,8.0
6452,NZL,AIREMISSION,CO2,TONNE_CAP,2007.0,7.7
6453,NZL,AIREMISSION,CO2,TONNE_CAP,2008.0,7.8
6454,NZL,AIREMISSION,CO2,TONNE_CAP,2009.0,7.1
6455,NZL,AIREMISSION,CO2,TONNE_CAP,2010.0,7.0
6456,NZL,AIREMISSION,CO2,TONNE_CAP,2011.0,6.7
6457,NZL,AIREMISSION,CO2,TONNE_CAP,2012.0,7.1
6458,NZL,AIREMISSION,CO2,TONNE_CAP,2013.0,6.9
6459,NZL,AIREMISSION,CO2,TONNE_CAP,2014.0,6.9
6460,NZL,AIREMISSION,CO2,TONNE_CAP,2015.0,6.7
6461,NZL,AIREMISSION,CO2,TONNE_CAP,2016.0,6.4
6462,NZL,AIREMISSION,CO2,TONNE_CAP,2017.0,6.7
6463,NZL,AIREMISSION,CO2,TONNE_CAP,2018.0,6.2
6464,NZL,AIREMISSION,GHG,TONNE_CAP,1990.0,18.713
6465,NZL,AIREMISSION,GHG,TONNE_CAP,1991.0,18.703
6466,NZL,AIREMISSION,GHG,TONNE_CAP,1992.0,18.745
6467,NZL,AIREMISSION,GHG,TONNE_CAP,1993.0,18.357
6468,NZL,AIREMISSION,GHG,TONNE_CAP,1994.0,18.403
6469,NZL,AIREMISSION,GHG,TONNE_CAP,1995.0,18.348
6470,NZL,AIREMISSION,GHG,TONNE_CAP,1996.0,18.709
6471,NZL,AIREMISSION,GHG,TONNE_CAP,1997.0,19.257
6472,NZL,AIREMISSION,GHG,TONNE_CAP,1998.0,18.558
6473,NZL,AIREMISSION,GHG,TONNE_CAP,1999.0,18.873
6474,NZL,AIREMISSION,GHG,TONNE_CAP,2000.0,19.203
6475,NZL,AIREMISSION,GHG,TONNE_CAP,2001.0,19.73
6476,NZL,AIREMISSION,GHG,TONNE_CAP,2002.0,19.549
6477,NZL,AIREMISSION,GHG,TONNE_CAP,2003.0,19.802
6478,NZL,AIREMISSION,GHG,TONNE_CAP,2004.0,19.433
6479,NZL,AIREMISSION,GHG,TONNE_CAP,2005.0,19.654
6480,NZL,AIREMISSION,GHG,TONNE_CAP,2006.0,19.459
6481,NZL,AIREMISSION,GHG,TONNE_CAP,2007.0,18.761
6482,NZL,AIREMISSION,GHG,TONNE_CAP,2008.0,18.589000000000002
6483,NZL,AIREMISSION,GHG,TONNE_CAP,2009.0,17.757
6484,NZL,AIREMISSION,GHG,TONNE_CAP,2010.0,17.680999999999997
6485,NZL,AIREMISSION,GHG,TONNE_CAP,2011.0,17.42
6486,NZL,AIREMISSION,GHG,TONNE_CAP,2012.0,17.769000000000002
6487,NZL,AIREMISSION,GHG,TONNE_CAP,2013.0,17.44
6488,NZL,AIREMISSION,GHG,TONNE_CAP,2014.0,17.394000000000002
6489,NZL,AIREMISSION,GHG,TONNE_CAP,2015.0,17.227
6490,NZL,AIREMISSION,GHG,TONNE_CAP,2016.0,16.66
6491,NZL,AIREMISSION,GHG,TONNE_CAP,2017.0,16.938
6492,NZL,AIREMISSION,GHG,TONNE_CAP,2018.0,16.627
6493,NZL,AIREMISSION,GHG,THND_TONNECO2,1990.0,63590.927
6494,NZL,AIREMISSION,GHG,THND_TONNECO2,1991.0,64453.522000000004
6495,NZL,AIREMISSION,GHG,THND_TONNECO2,1992.0,65668.775
6496,NZL,AIREMISSION,GHG,THND_TONNECO2,1993.0,65433.404
6497,NZL,AIREMISSION,GHG,THND_TONNECO2,1994.0,66679.182
6498,NZL,AIREMISSION,GHG,THND_TONNECO2,1995.0,67426.24
6499,NZL,AIREMISSION,GHG,THND_TONNECO2,1996.0,69549.337
6500,NZL,AIREMISSION,GHG,THND_TONNECO2,1997.0,72259.275
6501,NZL,AIREMISSION,GHG,THND_TONNECO2,1998.0,70221.37599999999
6502,NZL,AIREMISSION,GHG,THND_TONNECO2,1999.0,72059.932
6503,NZL,AIREMISSION,GHG,THND_TONNECO2,2000.0,74103.082
6504,NZL,AIREMISSION,GHG,THND_TONNECO2,2001.0,77105.364
6505,NZL,AIREMISSION,GHG,THND_TONNECO2,2002.0,77474.95599999999
6506,NZL,AIREMISSION,GHG,THND_TONNECO2,2003.0,79643.61200000001
6507,NZL,AIREMISSION,GHG,THND_TONNECO2,2004.0,79294.829
6508,NZL,AIREMISSION,GHG,THND_TONNECO2,2005.0,81274.418
6509,NZL,AIREMISSION,GHG,THND_TONNECO2,2006.0,81455.212
6510,NZL,AIREMISSION,GHG,THND_TONNECO2,2007.0,79415.575
6511,NZL,AIREMISSION,GHG,THND_TONNECO2,2008.0,79526.332
6512,NZL,AIREMISSION,GHG,THND_TONNECO2,2009.0,76771.183
6513,NZL,AIREMISSION,GHG,THND_TONNECO2,2010.0,77267.807
6514,NZL,AIREMISSION,GHG,THND_TONNECO2,2011.0,76975.48700000001
6515,NZL,AIREMISSION,GHG,THND_TONNECO2,2012.0,79401.577
6516,NZL,AIREMISSION,GHG,THND_TONNECO2,2013.0,78804.913
6517,NZL,AIREMISSION,GHG,THND_TONNECO2,2014.0,79449.842
6518,NZL,AIREMISSION,GHG,THND_TONNECO2,2015.0,79493.714
6519,NZL,AIREMISSION,GHG,THND_TONNECO2,2016.0,77623.307
6520,NZL,AIREMISSION,GHG,THND_TONNECO2,2017.0,79640.864
6521,NZL,AIREMISSION,GHG,THND_TONNECO2,2018.0,78862.288
6522,NZL,AIREMISSION,CO,KG_CAP,1990.0,177.38299999999998
6523,NZL,AIREMISSION,CO,KG_CAP,1991.0,172.44
6524,NZL,AIREMISSION,CO,KG_CAP,1992.0,171.55700000000002
6525,NZL,AIREMISSION,CO,KG_CAP,1993.0,169.472
6526,NZL,AIREMISSION,CO,KG_CAP,1994.0,174.61
6527,NZL,AIREMISSION,CO,KG_CAP,1995.0,173.53599999999997
6528,NZL,AIREMISSION,CO,KG_CAP,1996.0,171.459
6529,NZL,AIREMISSION,CO,KG_CAP,1997.0,175.49400000000003
6530,NZL,AIREMISSION,CO,KG_CAP,1998.0,175.613
6531,NZL,AIREMISSION,CO,KG_CAP,1999.0,177.40200000000002
6532,NZL,AIREMISSION,CO,KG_CAP,2000.0,175.868
6533,NZL,AIREMISSION,CO,KG_CAP,2001.0,175.105
6534,NZL,AIREMISSION,CO,KG_CAP,2002.0,177.705
6535,NZL,AIREMISSION,CO,KG_CAP,2003.0,179.294
6536,NZL,AIREMISSION,CO,KG_CAP,2004.0,181.389
6537,NZL,AIREMISSION,CO,KG_CAP,2005.0,177.207
6538,NZL,AIREMISSION,CO,KG_CAP,2006.0,175.265
6539,NZL,AIREMISSION,CO,KG_CAP,2007.0,176.517
6540,NZL,AIREMISSION,CO,KG_CAP,2008.0,169.87
6541,NZL,AIREMISSION,CO,KG_CAP,2009.0,164.425
6542,NZL,AIREMISSION,CO,KG_CAP,2010.0,166.072
6543,NZL,AIREMISSION,CO,KG_CAP,2011.0,161.468
6544,NZL,AIREMISSION,CO,KG_CAP,2012.0,158.297
6545,NZL,AIREMISSION,CO,KG_CAP,2013.0,155.747
6546,NZL,AIREMISSION,CO,KG_CAP,2014.0,154.069
6547,NZL,AIREMISSION,CO,KG_CAP,2015.0,154.895
6548,NZL,AIREMISSION,CO,KG_CAP,2016.0,156.887
6549,NZL,AIREMISSION,CO,KG_CAP,2017.0,158.988
6550,NZL,AIREMISSION,CO,KG_CAP,2018.0,155.97299999999998
6551,NZL,AIREMISSION,NOX,KG_CAP,1990.0,29.929000000000002
6552,NZL,AIREMISSION,NOX,KG_CAP,1991.0,29.883000000000003
6553,NZL,AIREMISSION,NOX,KG_CAP,1992.0,32.084
6554,NZL,AIREMISSION,NOX,KG_CAP,1993.0,31.956999999999997
6555,NZL,AIREMISSION,NOX,KG_CAP,1994.0,32.594
6556,NZL,AIREMISSION,NOX,KG_CAP,1995.0,32.982
6557,NZL,AIREMISSION,NOX,KG_CAP,1996.0,34.156
6558,NZL,AIREMISSION,NOX,KG_CAP,1997.0,35.992
6559,NZL,AIREMISSION,NOX,KG_CAP,1998.0,34.332
6560,NZL,AIREMISSION,NOX,KG_CAP,1999.0,36.124
6561,NZL,AIREMISSION,NOX,KG_CAP,2000.0,37.566
6562,NZL,AIREMISSION,NOX,KG_CAP,2001.0,38.908
6563,NZL,AIREMISSION,NOX,KG_CAP,2002.0,39.209
6564,NZL,AIREMISSION,NOX,KG_CAP,2003.0,40.52
6565,NZL,AIREMISSION,NOX,KG_CAP,2004.0,38.574
6566,NZL,AIREMISSION,NOX,KG_CAP,2005.0,40.105
6567,NZL,AIREMISSION,NOX,KG_CAP,2006.0,39.466
6568,NZL,AIREMISSION,NOX,KG_CAP,2007.0,38.148
6569,NZL,AIREMISSION,NOX,KG_CAP,2008.0,38.389
6570,NZL,AIREMISSION,NOX,KG_CAP,2009.0,35.665
6571,NZL,AIREMISSION,NOX,KG_CAP,2010.0,35.646
6572,NZL,AIREMISSION,NOX,KG_CAP,2011.0,35.167
6573,NZL,AIREMISSION,NOX,KG_CAP,2012.0,36.61
6574,NZL,AIREMISSION,NOX,KG_CAP,2013.0,36.198
6575,NZL,AIREMISSION,NOX,KG_CAP,2014.0,35.949
6576,NZL,AIREMISSION,NOX,KG_CAP,2015.0,35.9
6577,NZL,AIREMISSION,NOX,KG_CAP,2016.0,34.279
6578,NZL,AIREMISSION,NOX,KG_CAP,2017.0,36.32
6579,NZL,AIREMISSION,NOX,KG_CAP,2018.0,35.492
6580,NZL,AIREMISSION,SOX,KG_CAP,1990.0,16.791
6581,NZL,AIREMISSION,SOX,KG_CAP,1991.0,16.031
6582,NZL,AIREMISSION,SOX,KG_CAP,1992.0,17.173
6583,NZL,AIREMISSION,SOX,KG_CAP,1993.0,16.424
6584,NZL,AIREMISSION,SOX,KG_CAP,1994.0,16.358
6585,NZL,AIREMISSION,SOX,KG_CAP,1995.0,16.917
6586,NZL,AIREMISSION,SOX,KG_CAP,1996.0,16.374000000000002
6587,NZL,AIREMISSION,SOX,KG_CAP,1997.0,16.473
6588,NZL,AIREMISSION,SOX,KG_CAP,1998.0,16.351
6589,NZL,AIREMISSION,SOX,KG_CAP,1999.0,17.35
6590,NZL,AIREMISSION,SOX,KG_CAP,2000.0,18.298
6591,NZL,AIREMISSION,SOX,KG_CAP,2001.0,19.142
6592,NZL,AIREMISSION,SOX,KG_CAP,2002.0,19.274
6593,NZL,AIREMISSION,SOX,KG_CAP,2003.0,22.37
6594,NZL,AIREMISSION,SOX,KG_CAP,2004.0,21.296
6595,NZL,AIREMISSION,SOX,KG_CAP,2005.0,22.592
6596,NZL,AIREMISSION,SOX,KG_CAP,2006.0,21.42
6597,NZL,AIREMISSION,SOX,KG_CAP,2007.0,19.369
6598,NZL,AIREMISSION,SOX,KG_CAP,2008.0,20.402
6599,NZL,AIREMISSION,SOX,KG_CAP,2009.0,17.197
6600,NZL,AIREMISSION,SOX,KG_CAP,2010.0,16.819000000000003
6601,NZL,AIREMISSION,SOX,KG_CAP,2011.0,16.764
6602,NZL,AIREMISSION,SOX,KG_CAP,2012.0,17.595
6603,NZL,AIREMISSION,SOX,KG_CAP,2013.0,16.715
6604,NZL,AIREMISSION,SOX,KG_CAP,2014.0,16.111
6605,NZL,AIREMISSION,SOX,KG_CAP,2015.0,16.418
6606,NZL,AIREMISSION,SOX,KG_CAP,2016.0,14.885
6607,NZL,AIREMISSION,SOX,KG_CAP,2017.0,15.667
6608,NZL,AIREMISSION,SOX,KG_CAP,2018.0,15.043
6609,NZL,AIREMISSION,VOC,KG_CAP,1990.0,42.67
6610,NZL,AIREMISSION,VOC,KG_CAP,1991.0,41.946000000000005
6611,NZL,AIREMISSION,VOC,KG_CAP,1992.0,42.428000000000004
6612,NZL,AIREMISSION,VOC,KG_CAP,1993.0,41.599
6613,NZL,AIREMISSION,VOC,KG_CAP,1994.0,42.86
6614,NZL,AIREMISSION,VOC,KG_CAP,1995.0,42.788000000000004
6615,NZL,AIREMISSION,VOC,KG_CAP,1996.0,41.994
6616,NZL,AIREMISSION,VOC,KG_CAP,1997.0,44.053999999999995
6617,NZL,AIREMISSION,VOC,KG_CAP,1998.0,44.119
6618,NZL,AIREMISSION,VOC,KG_CAP,1999.0,44.39
6619,NZL,AIREMISSION,VOC,KG_CAP,2000.0,44.013999999999996
6620,NZL,AIREMISSION,VOC,KG_CAP,2001.0,43.823
6621,NZL,AIREMISSION,VOC,KG_CAP,2002.0,43.795
6622,NZL,AIREMISSION,VOC,KG_CAP,2003.0,43.818999999999996
6623,NZL,AIREMISSION,VOC,KG_CAP,2004.0,44.177
6624,NZL,AIREMISSION,VOC,KG_CAP,2005.0,43.406000000000006
6625,NZL,AIREMISSION,VOC,KG_CAP,2006.0,43.233000000000004
6626,NZL,AIREMISSION,VOC,KG_CAP,2007.0,43.2
6627,NZL,AIREMISSION,VOC,KG_CAP,2008.0,42.476000000000006
6628,NZL,AIREMISSION,VOC,KG_CAP,2009.0,41.604
6629,NZL,AIREMISSION,VOC,KG_CAP,2010.0,41.488
6630,NZL,AIREMISSION,VOC,KG_CAP,2011.0,40.948
6631,NZL,AIREMISSION,VOC,KG_CAP,2012.0,40.321999999999996
6632,NZL,AIREMISSION,VOC,KG_CAP,2013.0,39.793
6633,NZL,AIREMISSION,VOC,KG_CAP,2014.0,39.645
6634,NZL,AIREMISSION,VOC,KG_CAP,2015.0,40.205999999999996
6635,NZL,AIREMISSION,VOC,KG_CAP,2016.0,40.514
6636,NZL,AIREMISSION,VOC,KG_CAP,2017.0,40.993
6637,NZL,AIREMISSION,VOC,KG_CAP,2018.0,40.342
9414,GBR,AIREMISSION,CO2,MLN_TONNE,1990.0,549.3900110000001
9415,GBR,AIREMISSION,CO2,MLN_TONNE,1991.0,560.129215
9416,GBR,AIREMISSION,CO2,MLN_TONNE,1992.0,547.520737
9417,GBR,AIREMISSION,CO2,MLN_TONNE,1993.0,530.617893
9418,GBR,AIREMISSION,CO2,MLN_TONNE,1994.0,523.225784
9419,GBR,AIREMISSION,CO2,MLN_TONNE,1995.0,513.796422
9420,GBR,AIREMISSION,CO2,MLN_TONNE,1996.0,533.808846
9421,GBR,AIREMISSION,CO2,MLN_TONNE,1997.0,511.89562300000006
9422,GBR,AIREMISSION,CO2,MLN_TONNE,1998.0,514.529284
9423,GBR,AIREMISSION,CO2,MLN_TONNE,1999.0,511.94888499999996
9424,GBR,AIREMISSION,CO2,MLN_TONNE,2000.0,520.562588
9425,GBR,AIREMISSION,CO2,MLN_TONNE,2001.0,535.3032360000001
9426,GBR,AIREMISSION,CO2,MLN_TONNE,2002.0,521.177335
9427,GBR,AIREMISSION,CO2,MLN_TONNE,2003.0,533.471636
9428,GBR,AIREMISSION,CO2,MLN_TONNE,2004.0,533.3909639999999
9429,GBR,AIREMISSION,CO2,MLN_TONNE,2005.0,531.648669
9430,GBR,AIREMISSION,CO2,MLN_TONNE,2006.0,532.8998799999999
9431,GBR,AIREMISSION,CO2,MLN_TONNE,2007.0,521.733018
9432,GBR,AIREMISSION,CO2,MLN_TONNE,2008.0,507.897104
9433,GBR,AIREMISSION,CO2,MLN_TONNE,2009.0,460.083887
9434,GBR,AIREMISSION,CO2,MLN_TONNE,2010.0,476.626011
9435,GBR,AIREMISSION,CO2,MLN_TONNE,2011.0,439.178828
9436,GBR,AIREMISSION,CO2,MLN_TONNE,2012.0,461.442481
9437,GBR,AIREMISSION,CO2,MLN_TONNE,2013.0,447.00272300000006
9438,GBR,AIREMISSION,CO2,MLN_TONNE,2014.0,408.662693
9439,GBR,AIREMISSION,CO2,MLN_TONNE,2015.0,394.11517200000003
9440,GBR,AIREMISSION,CO2,MLN_TONNE,2016.0,372.557789
9441,GBR,AIREMISSION,CO2,MLN_TONNE,2017.0,358.731281
9442,GBR,AIREMISSION,CO2,MLN_TONNE,2018.0,353.41835
9443,GBR,AIREMISSION,CO,THND_TONNE,1990.0,8031.710999999999
9444,GBR,AIREMISSION,CO,THND_TONNE,1991.0,8165.7390000000005
9445,GBR,AIREMISSION,CO,THND_TONNE,1992.0,7865.741
9446,GBR,AIREMISSION,CO,THND_TONNE,1993.0,7670.210999999999
9447,GBR,AIREMISSION,CO,THND_TONNE,1994.0,7110.936
9448,GBR,AIREMISSION,CO,THND_TONNE,1995.0,6535.66
9449,GBR,AIREMISSION,CO,THND_TONNE,1996.0,6650.5740000000005
9450,GBR,AIREMISSION,CO,THND_TONNE,1997.0,5933.321999999999
9451,GBR,AIREMISSION,CO,THND_TONNE,1998.0,5459.491
9452,GBR,AIREMISSION,CO,THND_TONNE,1999.0,5104.624
9453,GBR,AIREMISSION,CO,THND_TONNE,2000.0,4458.85
9454,GBR,AIREMISSION,CO,THND_TONNE,2001.0,4467.329000000001
9455,GBR,AIREMISSION,CO,THND_TONNE,2002.0,3980.0690000000004
9456,GBR,AIREMISSION,CO,THND_TONNE,2003.0,3624.5640000000003
9457,GBR,AIREMISSION,CO,THND_TONNE,2004.0,3406.96
9458,GBR,AIREMISSION,CO,THND_TONNE,2005.0,3157.915
9459,GBR,AIREMISSION,CO,THND_TONNE,2006.0,2961.8520000000003
9460,GBR,AIREMISSION,CO,THND_TONNE,2007.0,2747.5170000000003
9461,GBR,AIREMISSION,CO,THND_TONNE,2008.0,2592.697
9462,GBR,AIREMISSION,CO,THND_TONNE,2009.0,2120.18
9463,GBR,AIREMISSION,CO,THND_TONNE,2010.0,2031.8870000000002
9464,GBR,AIREMISSION,CO,THND_TONNE,2011.0,1845.453
9465,GBR,AIREMISSION,CO,THND_TONNE,2012.0,1827.634
9466,GBR,AIREMISSION,CO,THND_TONNE,2013.0,1825.277
9467,GBR,AIREMISSION,CO,THND_TONNE,2014.0,1734.03
9468,GBR,AIREMISSION,CO,THND_TONNE,2015.0,1692.74
9469,GBR,AIREMISSION,CO,THND_TONNE,2016.0,1562.23
9470,GBR,AIREMISSION,CO,THND_TONNE,2017.0,1545.692
9471,GBR,AIREMISSION,CO,THND_TONNE,2018.0,1535.5970000000002
9472,GBR,AIREMISSION,NOX,THND_TONNE,1990.0,3263.81
9473,GBR,AIREMISSION,NOX,THND_TONNE,1991.0,3154.638
9474,GBR,AIREMISSION,NOX,THND_TONNE,1992.0,3111.988
9475,GBR,AIREMISSION,NOX,THND_TONNE,1993.0,2943.2209999999995
9476,GBR,AIREMISSION,NOX,THND_TONNE,1994.0,2813.441
9477,GBR,AIREMISSION,NOX,THND_TONNE,1995.0,2648.097
9478,GBR,AIREMISSION,NOX,THND_TONNE,1996.0,2554.074
9479,GBR,AIREMISSION,NOX,THND_TONNE,1997.0,2349.861
9480,GBR,AIREMISSION,NOX,THND_TONNE,1998.0,2257.105
9481,GBR,AIREMISSION,NOX,THND_TONNE,1999.0,2128.72
9482,GBR,AIREMISSION,NOX,THND_TONNE,2000.0,2040.921
9483,GBR,AIREMISSION,NOX,THND_TONNE,2001.0,1990.809
9484,GBR,AIREMISSION,NOX,THND_TONNE,2002.0,1884.277
9485,GBR,AIREMISSION,NOX,THND_TONNE,2003.0,1840.102
9486,GBR,AIREMISSION,NOX,THND_TONNE,2004.0,1780.351
9487,GBR,AIREMISSION,NOX,THND_TONNE,2005.0,1767.0520000000001
9488,GBR,AIREMISSION,NOX,THND_TONNE,2006.0,1695.435
9489,GBR,AIREMISSION,NOX,THND_TONNE,2007.0,1627.285
9490,GBR,AIREMISSION,NOX,THND_TONNE,2008.0,1455.933
9491,GBR,AIREMISSION,NOX,THND_TONNE,2009.0,1262.769
9492,GBR,AIREMISSION,NOX,THND_TONNE,2010.0,1239.048
9493,GBR,AIREMISSION,NOX,THND_TONNE,2011.0,1148.51
9494,GBR,AIREMISSION,NOX,THND_TONNE,2012.0,1174.029
9495,GBR,AIREMISSION,NOX,THND_TONNE,2013.0,1114.027
9496,GBR,AIREMISSION,NOX,THND_TONNE,2014.0,1042.0330000000001
9497,GBR,AIREMISSION,NOX,THND_TONNE,2015.0,1006.3639999999999
9498,GBR,AIREMISSION,NOX,THND_TONNE,2016.0,916.414
9499,GBR,AIREMISSION,NOX,THND_TONNE,2017.0,884.4110000000001
9500,GBR,AIREMISSION,NOX,THND_TONNE,2018.0,837.245
9501,GBR,AIREMISSION,SOX,THND_TONNE,1990.0,3768.579
9502,GBR,AIREMISSION,SOX,THND_TONNE,1991.0,3596.8920000000003
9503,GBR,AIREMISSION,SOX,THND_TONNE,1992.0,3539.895
9504,GBR,AIREMISSION,SOX,THND_TONNE,1993.0,3201.4759999999997
9505,GBR,AIREMISSION,SOX,THND_TONNE,1994.0,2746.491
9506,GBR,AIREMISSION,SOX,THND_TONNE,1995.0,2457.5229999999997
9507,GBR,AIREMISSION,SOX,THND_TONNE,1996.0,2099.008
9508,GBR,AIREMISSION,SOX,THND_TONNE,1997.0,1731.122
9509,GBR,AIREMISSION,SOX,THND_TONNE,1998.0,1704.3
9510,GBR,AIREMISSION,SOX,THND_TONNE,1999.0,1319.6770000000001
9511,GBR,AIREMISSION,SOX,THND_TONNE,2000.0,1286.313
9512,GBR,AIREMISSION,SOX,THND_TONNE,2001.0,1199.766
9513,GBR,AIREMISSION,SOX,THND_TONNE,2002.0,1079.0739999999998
9514,GBR,AIREMISSION,SOX,THND_TONNE,2003.0,1052.362
9515,GBR,AIREMISSION,SOX,THND_TONNE,2004.0,894.492
9516,GBR,AIREMISSION,SOX,THND_TONNE,2005.0,772.689
9517,GBR,AIREMISSION,SOX,THND_TONNE,2006.0,728.3789999999999
9518,GBR,AIREMISSION,SOX,THND_TONNE,2007.0,633.053
9519,GBR,AIREMISSION,SOX,THND_TONNE,2008.0,529.581
9520,GBR,AIREMISSION,SOX,THND_TONNE,2009.0,432.681
9521,GBR,AIREMISSION,SOX,THND_TONNE,2010.0,450.01
9522,GBR,AIREMISSION,SOX,THND_TONNE,2011.0,415.55800000000005
9523,GBR,AIREMISSION,SOX,THND_TONNE,2012.0,459.691
9524,GBR,AIREMISSION,SOX,THND_TONNE,2013.0,396.541
9525,GBR,AIREMISSION,SOX,THND_TONNE,2014.0,321.672
9526,GBR,AIREMISSION,SOX,THND_TONNE,2015.0,249.894
9527,GBR,AIREMISSION,SOX,THND_TONNE,2016.0,178.81900000000002
9528,GBR,AIREMISSION,SOX,THND_TONNE,2017.0,173.738
9529,GBR,AIREMISSION,SOX,THND_TONNE,2018.0,158.953
9530,GBR,AIREMISSION,VOC,THND_TONNE,1990.0,2949.655
9531,GBR,AIREMISSION,VOC,THND_TONNE,1991.0,2891.9359999999997
9532,GBR,AIREMISSION,VOC,THND_TONNE,1992.0,2807.574
9533,GBR,AIREMISSION,VOC,THND_TONNE,1993.0,2671.9120000000003
9534,GBR,AIREMISSION,VOC,THND_TONNE,1994.0,2518.101
9535,GBR,AIREMISSION,VOC,THND_TONNE,1995.0,2307.3379999999997
9536,GBR,AIREMISSION,VOC,THND_TONNE,1996.0,2254.745
9537,GBR,AIREMISSION,VOC,THND_TONNE,1997.0,2144.136
9538,GBR,AIREMISSION,VOC,THND_TONNE,1998.0,1973.27
9539,GBR,AIREMISSION,VOC,THND_TONNE,1999.0,1782.608
9540,GBR,AIREMISSION,VOC,THND_TONNE,2000.0,1633.136
9541,GBR,AIREMISSION,VOC,THND_TONNE,2001.0,1555.134
9542,GBR,AIREMISSION,VOC,THND_TONNE,2002.0,1464.888
9543,GBR,AIREMISSION,VOC,THND_TONNE,2003.0,1348.1229999999998
9544,GBR,AIREMISSION,VOC,THND_TONNE,2004.0,1258.742
9545,GBR,AIREMISSION,VOC,THND_TONNE,2005.0,1175.0710000000001
9546,GBR,AIREMISSION,VOC,THND_TONNE,2006.0,1124.609
9547,GBR,AIREMISSION,VOC,THND_TONNE,2007.0,1081.805
9548,GBR,AIREMISSION,VOC,THND_TONNE,2008.0,1000.9680000000001
9549,GBR,AIREMISSION,VOC,THND_TONNE,2009.0,894.07
9550,GBR,AIREMISSION,VOC,THND_TONNE,2010.0,867.9830000000001
9551,GBR,AIREMISSION,VOC,THND_TONNE,2011.0,848.329
9552,GBR,AIREMISSION,VOC,THND_TONNE,2012.0,834.3919999999999
9553,GBR,AIREMISSION,VOC,THND_TONNE,2013.0,804.784
9554,GBR,AIREMISSION,VOC,THND_TONNE,2014.0,799.7230000000001
9555,GBR,AIREMISSION,VOC,THND_TONNE,2015.0,799.1089999999999
9556,GBR,AIREMISSION,VOC,THND_TONNE,2016.0,784.748
9557,GBR,AIREMISSION,VOC,THND_TONNE,2017.0,794.29
9558,GBR,AIREMISSION,VOC,THND_TONNE,2018.0,806.778
9559,GBR,AIREMISSION,CO2,TONNE_CAP,1990.0,9.6
9560,GBR,AIREMISSION,CO2,TONNE_CAP,1991.0,9.8
9561,GBR,AIREMISSION,CO2,TONNE_CAP,1992.0,9.5
9562,GBR,AIREMISSION,CO2,TONNE_CAP,1993.0,9.2
9563,GBR,AIREMISSION,CO2,TONNE_CAP,1994.0,9.0
9564,GBR,AIREMISSION,CO2,TONNE_CAP,1995.0,8.9
9565,GBR,AIREMISSION,CO2,TONNE_CAP,1996.0,9.2
9566,GBR,AIREMISSION,CO2,TONNE_CAP,1997.0,8.8
9567,GBR,AIREMISSION,CO2,TONNE_CAP,1998.0,8.8
9568,GBR,AIREMISSION,CO2,TONNE_CAP,1999.0,8.7
9569,GBR,AIREMISSION,CO2,TONNE_CAP,2000.0,8.8
9570,GBR,AIREMISSION,CO2,TONNE_CAP,2001.0,9.1
9571,GBR,AIREMISSION,CO2,TONNE_CAP,2002.0,8.8
9572,GBR,AIREMISSION,CO2,TONNE_CAP,2003.0,8.9
9573,GBR,AIREMISSION,CO2,TONNE_CAP,2004.0,8.9
9574,GBR,AIREMISSION,CO2,TONNE_CAP,2005.0,8.8
9575,GBR,AIREMISSION,CO2,TONNE_CAP,2006.0,8.8
9576,GBR,AIREMISSION,CO2,TONNE_CAP,2007.0,8.5
9577,GBR,AIREMISSION,CO2,TONNE_CAP,2008.0,8.2
9578,GBR,AIREMISSION,CO2,TONNE_CAP,2009.0,7.4
9579,GBR,AIREMISSION,CO2,TONNE_CAP,2010.0,7.6
9580,GBR,AIREMISSION,CO2,TONNE_CAP,2011.0,6.9
9581,GBR,AIREMISSION,CO2,TONNE_CAP,2012.0,7.2
9582,GBR,AIREMISSION,CO2,TONNE_CAP,2013.0,7.0
9583,GBR,AIREMISSION,CO2,TONNE_CAP,2014.0,6.3
9584,GBR,AIREMISSION,CO2,TONNE_CAP,2015.0,6.1
9585,GBR,AIREMISSION,CO2,TONNE_CAP,2016.0,5.7
9586,GBR,AIREMISSION,CO2,TONNE_CAP,2017.0,5.4
9587,GBR,AIREMISSION,CO2,TONNE_CAP,2018.0,5.3
9588,GBR,AIREMISSION,GHG,TONNE_CAP,1990.0,13.964
9589,GBR,AIREMISSION,GHG,TONNE_CAP,1991.0,14.09
9590,GBR,AIREMISSION,GHG,TONNE_CAP,1992.0,13.69
9591,GBR,AIREMISSION,GHG,TONNE_CAP,1993.0,13.315999999999999
9592,GBR,AIREMISSION,GHG,TONNE_CAP,1994.0,13.125
9593,GBR,AIREMISSION,GHG,TONNE_CAP,1995.0,12.975
9594,GBR,AIREMISSION,GHG,TONNE_CAP,1996.0,13.312000000000001
9595,GBR,AIREMISSION,GHG,TONNE_CAP,1997.0,12.835999999999999
9596,GBR,AIREMISSION,GHG,TONNE_CAP,1998.0,12.769
9597,GBR,AIREMISSION,GHG,TONNE_CAP,1999.0,12.207
9598,GBR,AIREMISSION,GHG,TONNE_CAP,2000.0,12.155999999999999
9599,GBR,AIREMISSION,GHG,TONNE_CAP,2001.0,12.162
9600,GBR,AIREMISSION,GHG,TONNE_CAP,2002.0,11.792
9601,GBR,AIREMISSION,GHG,TONNE_CAP,2003.0,11.865
9602,GBR,AIREMISSION,GHG,TONNE_CAP,2004.0,11.745999999999999
9603,GBR,AIREMISSION,GHG,TONNE_CAP,2005.0,11.535
9604,GBR,AIREMISSION,GHG,TONNE_CAP,2006.0,11.315999999999999
9605,GBR,AIREMISSION,GHG,TONNE_CAP,2007.0,11.009
9606,GBR,AIREMISSION,GHG,TONNE_CAP,2008.0,10.558
9607,GBR,AIREMISSION,GHG,TONNE_CAP,2009.0,9.55
9608,GBR,AIREMISSION,GHG,TONNE_CAP,2010.0,9.683
9609,GBR,AIREMISSION,GHG,TONNE_CAP,2011.0,8.86
9610,GBR,AIREMISSION,GHG,TONNE_CAP,2012.0,9.049
9611,GBR,AIREMISSION,GHG,TONNE_CAP,2013.0,8.775
9612,GBR,AIREMISSION,GHG,TONNE_CAP,2014.0,8.101
9613,GBR,AIREMISSION,GHG,TONNE_CAP,2015.0,7.776
9614,GBR,AIREMISSION,GHG,TONNE_CAP,2016.0,7.336
9615,GBR,AIREMISSION,GHG,TONNE_CAP,2017.0,7.122000000000001
9616,GBR,AIREMISSION,GHG,TONNE_CAP,2018.0,6.94
9617,GBR,AIREMISSION,GHG,THND_TONNECO2,1990.0,797812.0440000001
9618,GBR,AIREMISSION,GHG,THND_TONNECO2,1991.0,807236.0920000001
9619,GBR,AIREMISSION,GHG,THND_TONNECO2,1992.0,786435.906
9620,GBR,AIREMISSION,GHG,THND_TONNECO2,1993.0,767022.497
9621,GBR,AIREMISSION,GHG,THND_TONNECO2,1994.0,758171.0490000001
9622,GBR,AIREMISSION,GHG,THND_TONNECO2,1995.0,751691.005
9623,GBR,AIREMISSION,GHG,THND_TONNECO2,1996.0,773629.78
9624,GBR,AIREMISSION,GHG,THND_TONNECO2,1997.0,748416.322
9625,GBR,AIREMISSION,GHG,THND_TONNECO2,1998.0,747129.6590000001
9626,GBR,AIREMISSION,GHG,THND_TONNECO2,1999.0,716725.958
9627,GBR,AIREMISSION,GHG,THND_TONNECO2,2000.0,716279.71
9628,GBR,AIREMISSION,GHG,THND_TONNECO2,2001.0,719097.192
9629,GBR,AIREMISSION,GHG,THND_TONNECO2,2002.0,699596.359
9630,GBR,AIREMISSION,GHG,THND_TONNECO2,2003.0,706682.2309999999
9631,GBR,AIREMISSION,GHG,THND_TONNECO2,2004.0,703280.27
9632,GBR,AIREMISSION,GHG,THND_TONNECO2,2005.0,695430.66
9633,GBR,AIREMISSION,GHG,THND_TONNECO2,2006.0,688259.1690000001
9634,GBR,AIREMISSION,GHG,THND_TONNECO2,2007.0,676546.3309999999
9635,GBR,AIREMISSION,GHG,THND_TONNECO2,2008.0,656112.4739999999
9636,GBR,AIREMISSION,GHG,THND_TONNECO2,2009.0,600031.686
9637,GBR,AIREMISSION,GHG,THND_TONNECO2,2010.0,614493.219
9638,GBR,AIREMISSION,GHG,THND_TONNECO2,2011.0,567259.4870000001
9639,GBR,AIREMISSION,GHG,THND_TONNECO2,2012.0,583865.702
9640,GBR,AIREMISSION,GHG,THND_TONNECO2,2013.0,570218.676
9641,GBR,AIREMISSION,GHG,THND_TONNECO2,2014.0,529981.28
9642,GBR,AIREMISSION,GHG,THND_TONNECO2,2015.0,512121.422
9643,GBR,AIREMISSION,GHG,THND_TONNECO2,2016.0,486371.703
9644,GBR,AIREMISSION,GHG,THND_TONNECO2,2017.0,475259.765
9645,GBR,AIREMISSION,GHG,THND_TONNECO2,2018.0,465931.875
9646,GBR,AIREMISSION,CO,KG_CAP,1990.0,140.576
9647,GBR,AIREMISSION,CO,KG_CAP,1991.0,142.531
9648,GBR,AIREMISSION,CO,KG_CAP,1992.0,136.924
9649,GBR,AIREMISSION,CO,KG_CAP,1993.0,133.158
9650,GBR,AIREMISSION,CO,KG_CAP,1994.0,123.105
9651,GBR,AIREMISSION,CO,KG_CAP,1995.0,112.815
9652,GBR,AIREMISSION,CO,KG_CAP,1996.0,114.441
9653,GBR,AIREMISSION,CO,KG_CAP,1997.0,101.759
9654,GBR,AIREMISSION,CO,KG_CAP,1998.0,93.309
9655,GBR,AIREMISSION,CO,KG_CAP,1999.0,86.93799999999999
9656,GBR,AIREMISSION,CO,KG_CAP,2000.0,75.672
9657,GBR,AIREMISSION,CO,KG_CAP,2001.0,75.558
9658,GBR,AIREMISSION,CO,KG_CAP,2002.0,67.08800000000001
9659,GBR,AIREMISSION,CO,KG_CAP,2003.0,60.854
9660,GBR,AIREMISSION,CO,KG_CAP,2004.0,56.903
9661,GBR,AIREMISSION,CO,KG_CAP,2005.0,52.381
9662,GBR,AIREMISSION,CO,KG_CAP,2006.0,48.698
9663,GBR,AIREMISSION,CO,KG_CAP,2007.0,44.708
9664,GBR,AIREMISSION,CO,KG_CAP,2008.0,41.72
9665,GBR,AIREMISSION,CO,KG_CAP,2009.0,33.745
9666,GBR,AIREMISSION,CO,KG_CAP,2010.0,32.018
9667,GBR,AIREMISSION,CO,KG_CAP,2011.0,28.825
9668,GBR,AIREMISSION,CO,KG_CAP,2012.0,28.324
9669,GBR,AIREMISSION,CO,KG_CAP,2013.0,28.088
9670,GBR,AIREMISSION,CO,KG_CAP,2014.0,26.505
9671,GBR,AIREMISSION,CO,KG_CAP,2015.0,25.701999999999998
9672,GBR,AIREMISSION,CO,KG_CAP,2016.0,23.564
9673,GBR,AIREMISSION,CO,KG_CAP,2017.0,23.164
9674,GBR,AIREMISSION,CO,KG_CAP,2018.0,22.871
9675,GBR,AIREMISSION,NOX,KG_CAP,1990.0,57.125
9676,GBR,AIREMISSION,NOX,KG_CAP,1991.0,55.06399999999999
9677,GBR,AIREMISSION,NOX,KG_CAP,1992.0,54.172
9678,GBR,AIREMISSION,NOX,KG_CAP,1993.0,51.096000000000004
9679,GBR,AIREMISSION,NOX,KG_CAP,1994.0,48.706
9680,GBR,AIREMISSION,NOX,KG_CAP,1995.0,45.71
9681,GBR,AIREMISSION,NOX,KG_CAP,1996.0,43.95
9682,GBR,AIREMISSION,NOX,KG_CAP,1997.0,40.301
9683,GBR,AIREMISSION,NOX,KG_CAP,1998.0,38.576
9684,GBR,AIREMISSION,NOX,KG_CAP,1999.0,36.255
9685,GBR,AIREMISSION,NOX,KG_CAP,2000.0,34.637
9686,GBR,AIREMISSION,NOX,KG_CAP,2001.0,33.672
9687,GBR,AIREMISSION,NOX,KG_CAP,2002.0,31.761
9688,GBR,AIREMISSION,NOX,KG_CAP,2003.0,30.894000000000002
9689,GBR,AIREMISSION,NOX,KG_CAP,2004.0,29.736
9690,GBR,AIREMISSION,NOX,KG_CAP,2005.0,29.31
9691,GBR,AIREMISSION,NOX,KG_CAP,2006.0,27.875999999999998
9692,GBR,AIREMISSION,NOX,KG_CAP,2007.0,26.479
9693,GBR,AIREMISSION,NOX,KG_CAP,2008.0,23.428
9694,GBR,AIREMISSION,NOX,KG_CAP,2009.0,20.099
9695,GBR,AIREMISSION,NOX,KG_CAP,2010.0,19.525
9696,GBR,AIREMISSION,NOX,KG_CAP,2011.0,17.939
9697,GBR,AIREMISSION,NOX,KG_CAP,2012.0,18.195
9698,GBR,AIREMISSION,NOX,KG_CAP,2013.0,17.143
9699,GBR,AIREMISSION,NOX,KG_CAP,2014.0,15.927999999999999
9700,GBR,AIREMISSION,NOX,KG_CAP,2015.0,15.28
9701,GBR,AIREMISSION,NOX,KG_CAP,2016.0,13.823
9702,GBR,AIREMISSION,NOX,KG_CAP,2017.0,13.254000000000001
9703,GBR,AIREMISSION,NOX,KG_CAP,2018.0,12.47
9704,GBR,AIREMISSION,SOX,KG_CAP,1990.0,65.96
9705,GBR,AIREMISSION,SOX,KG_CAP,1991.0,62.783
9706,GBR,AIREMISSION,SOX,KG_CAP,1992.0,61.621
9707,GBR,AIREMISSION,SOX,KG_CAP,1993.0,55.57899999999999
9708,GBR,AIREMISSION,SOX,KG_CAP,1994.0,47.547
9709,GBR,AIREMISSION,SOX,KG_CAP,1995.0,42.42
9710,GBR,AIREMISSION,SOX,KG_CAP,1996.0,36.119
9711,GBR,AIREMISSION,SOX,KG_CAP,1997.0,29.69
9712,GBR,AIREMISSION,SOX,KG_CAP,1998.0,29.128
9713,GBR,AIREMISSION,SOX,KG_CAP,1999.0,22.476
9714,GBR,AIREMISSION,SOX,KG_CAP,2000.0,21.83
9715,GBR,AIREMISSION,SOX,KG_CAP,2001.0,20.292
9716,GBR,AIREMISSION,SOX,KG_CAP,2002.0,18.189
9717,GBR,AIREMISSION,SOX,KG_CAP,2003.0,17.669
9718,GBR,AIREMISSION,SOX,KG_CAP,2004.0,14.94
9719,GBR,AIREMISSION,SOX,KG_CAP,2005.0,12.817
9720,GBR,AIREMISSION,SOX,KG_CAP,2006.0,11.975999999999999
9721,GBR,AIREMISSION,SOX,KG_CAP,2007.0,10.300999999999998
9722,GBR,AIREMISSION,SOX,KG_CAP,2008.0,8.522
9723,GBR,AIREMISSION,SOX,KG_CAP,2009.0,6.8870000000000005
9724,GBR,AIREMISSION,SOX,KG_CAP,2010.0,7.091
9725,GBR,AIREMISSION,SOX,KG_CAP,2011.0,6.4910000000000005
9726,GBR,AIREMISSION,SOX,KG_CAP,2012.0,7.124
9727,GBR,AIREMISSION,SOX,KG_CAP,2013.0,6.102
9728,GBR,AIREMISSION,SOX,KG_CAP,2014.0,4.917
9729,GBR,AIREMISSION,SOX,KG_CAP,2015.0,3.7939999999999996
9730,GBR,AIREMISSION,SOX,KG_CAP,2016.0,2.697
9731,GBR,AIREMISSION,SOX,KG_CAP,2017.0,2.6039999999999996
9732,GBR,AIREMISSION,SOX,KG_CAP,2018.0,2.367
9733,GBR,AIREMISSION,VOC,KG_CAP,1990.0,51.626999999999995
9734,GBR,AIREMISSION,VOC,KG_CAP,1991.0,50.478
9735,GBR,AIREMISSION,VOC,KG_CAP,1992.0,48.873000000000005
9736,GBR,AIREMISSION,VOC,KG_CAP,1993.0,46.386
9737,GBR,AIREMISSION,VOC,KG_CAP,1994.0,43.593
9738,GBR,AIREMISSION,VOC,KG_CAP,1995.0,39.828
9739,GBR,AIREMISSION,VOC,KG_CAP,1996.0,38.799
9740,GBR,AIREMISSION,VOC,KG_CAP,1997.0,36.773
9741,GBR,AIREMISSION,VOC,KG_CAP,1998.0,33.725
9742,GBR,AIREMISSION,VOC,KG_CAP,1999.0,30.36
9743,GBR,AIREMISSION,VOC,KG_CAP,2000.0,27.715999999999998
9744,GBR,AIREMISSION,VOC,KG_CAP,2001.0,26.303
9745,GBR,AIREMISSION,VOC,KG_CAP,2002.0,24.691999999999997
9746,GBR,AIREMISSION,VOC,KG_CAP,2003.0,22.634
9747,GBR,AIREMISSION,VOC,KG_CAP,2004.0,21.024
9748,GBR,AIREMISSION,VOC,KG_CAP,2005.0,19.491
9749,GBR,AIREMISSION,VOC,KG_CAP,2006.0,18.49
9750,GBR,AIREMISSION,VOC,KG_CAP,2007.0,17.602999999999998
9751,GBR,AIREMISSION,VOC,KG_CAP,2008.0,16.107
9752,GBR,AIREMISSION,VOC,KG_CAP,2009.0,14.23
9753,GBR,AIREMISSION,VOC,KG_CAP,2010.0,13.677999999999999
9754,GBR,AIREMISSION,VOC,KG_CAP,2011.0,13.251
9755,GBR,AIREMISSION,VOC,KG_CAP,2012.0,12.931
9756,GBR,AIREMISSION,VOC,KG_CAP,2013.0,12.384
9757,GBR,AIREMISSION,VOC,KG_CAP,2014.0,12.224
9758,GBR,AIREMISSION,VOC,KG_CAP,2015.0,12.133
9759,GBR,AIREMISSION,VOC,KG_CAP,2016.0,11.837
9760,GBR,AIREMISSION,VOC,KG_CAP,2017.0,11.902999999999999
9761,GBR,AIREMISSION,VOC,KG_CAP,2018.0,12.015999999999998
10282,ARG,AIREMISSION,CO2,MLN_TONNE,1990.0,99.416875
10283,ARG,AIREMISSION,CO2,MLN_TONNE,1991.0,104.799444
10284,ARG,AIREMISSION,CO2,MLN_TONNE,1992.0,106.60783700000002
10285,ARG,AIREMISSION,CO2,MLN_TONNE,1993.0,107.358171
10286,ARG,AIREMISSION,CO2,MLN_TONNE,1994.0,114.93536499999999
10287,ARG,AIREMISSION,CO2,MLN_TONNE,1995.0,117.32793799999999
10288,ARG,AIREMISSION,CO2,MLN_TONNE,1996.0,124.859923
10289,ARG,AIREMISSION,CO2,MLN_TONNE,1997.0,130.833382
10290,ARG,AIREMISSION,CO2,MLN_TONNE,1998.0,135.397736
10291,ARG,AIREMISSION,CO2,MLN_TONNE,1999.0,139.33635
10292,ARG,AIREMISSION,CO2,MLN_TONNE,2000.0,139.355594
10293,ARG,AIREMISSION,CO2,MLN_TONNE,2001.0,128.85888899999998
10294,ARG,AIREMISSION,CO2,MLN_TONNE,2002.0,121.64488100000001
10295,ARG,AIREMISSION,CO2,MLN_TONNE,2003.0,130.84409499999998
10296,ARG,AIREMISSION,CO2,MLN_TONNE,2004.0,146.57504
10297,ARG,AIREMISSION,CO2,MLN_TONNE,2005.0,149.47603999999998
10298,ARG,AIREMISSION,CO2,MLN_TONNE,2006.0,158.756607
10299,ARG,AIREMISSION,CO2,MLN_TONNE,2007.0,165.612783
10300,ARG,AIREMISSION,CO2,MLN_TONNE,2008.0,176.704997
10301,ARG,AIREMISSION,CO2,MLN_TONNE,2009.0,168.915982
10302,ARG,AIREMISSION,CO2,MLN_TONNE,2010.0,173.76853799999998
10303,ARG,AIREMISSION,CO2,MLN_TONNE,2011.0,181.236086
10304,ARG,AIREMISSION,CO2,MLN_TONNE,2012.0,185.782647
10305,ARG,AIREMISSION,CO2,MLN_TONNE,2013.0,181.004269
10306,ARG,AIREMISSION,CO2,MLN_TONNE,2014.0,184.764378
10307,ARG,AIREMISSION,CO2,MLN_TONNE,2015.0,190.384899
10308,ARG,AIREMISSION,CO2,MLN_TONNE,2016.0,190.51203999999998
10309,ARG,AIREMISSION,CO2,MLN_TONNE,2017.0,183.375203
10310,ARG,AIREMISSION,CO2,MLN_TONNE,2018.0,
10311,ARG,AIREMISSION,CO2,TONNE_CAP,1990.0,3.0
10312,ARG,AIREMISSION,CO2,TONNE_CAP,1991.0,3.2
10313,ARG,AIREMISSION,CO2,TONNE_CAP,1992.0,3.2
10314,ARG,AIREMISSION,CO2,TONNE_CAP,1993.0,3.1
10315,ARG,AIREMISSION,CO2,TONNE_CAP,1994.0,3.3
10316,ARG,AIREMISSION,CO2,TONNE_CAP,1995.0,3.4
10317,ARG,AIREMISSION,CO2,TONNE_CAP,1996.0,3.5
10318,ARG,AIREMISSION,CO2,TONNE_CAP,1997.0,3.7
10319,ARG,AIREMISSION,CO2,TONNE_CAP,1998.0,3.7
10320,ARG,AIREMISSION,CO2,TONNE_CAP,1999.0,3.8
10321,ARG,AIREMISSION,CO2,TONNE_CAP,2000.0,3.8
10322,ARG,AIREMISSION,CO2,TONNE_CAP,2001.0,3.4
10323,ARG,AIREMISSION,CO2,TONNE_CAP,2002.0,3.2
10324,ARG,AIREMISSION,CO2,TONNE_CAP,2003.0,3.4
10325,ARG,AIREMISSION,CO2,TONNE_CAP,2004.0,3.8
10326,ARG,AIREMISSION,CO2,TONNE_CAP,2005.0,3.8
10327,ARG,AIREMISSION,CO2,TONNE_CAP,2006.0,4.0
10328,ARG,AIREMISSION,CO2,TONNE_CAP,2007.0,4.1
10329,ARG,AIREMISSION,CO2,TONNE_CAP,2008.0,4.4
10330,ARG,AIREMISSION,CO2,TONNE_CAP,2009.0,4.1
10331,ARG,AIREMISSION,CO2,TONNE_CAP,2010.0,4.2
10332,ARG,AIREMISSION,CO2,TONNE_CAP,2011.0,4.4
10333,ARG,AIREMISSION,CO2,TONNE_CAP,2012.0,4.4
10334,ARG,AIREMISSION,CO2,TONNE_CAP,2013.0,4.3
