,LOCATION.9,INDICATOR.8,MEASURE.8,TIME.9,VALUE.9
76,NZL,BUILT_UP,SQM_CAP,1975.0,299.05414249999995
77,NZL,BUILT_UP,SQM_CAP,1990.0,271.2841118
78,NZL,BUILT_UP,SQM_CAP,2000.0,274.56820730000004
79,NZL,BUILT_UP,SQM_CAP,2014.0,257.3018164
112,GBR,BUILT_UP,SQM_CAP,1975.0,184.448447
113,GBR,BUILT_UP,SQM_CAP,1990.0,210.6918414
114,GBR,BUILT_UP,SQM_CAP,2000.0,217.35905630000002
115,GBR,BUILT_UP,SQM_CAP,2014.0,212.7643982
140,ARG,BUILT_UP,SQM_CAP,1975.0,111.36446740000001
141,ARG,BUILT_UP,SQM_CAP,1990.0,117.47536709999999
142,ARG,BUILT_UP,SQM_CAP,2000.0,124.95069240000001
143,ARG,BUILT_UP,SQM_CAP,2014.0,118.42862209999998
