,LOCATION.2,INDICATOR.1,SUBJECT.1,MEASURE.2,TIME.2,VALUE.2
300,NZL,CROPYIELD,WHEAT,TONNE_HA,1990.0,4.815
301,NZL,CROPYIELD,WHEAT,TONNE_HA,1991.0,5.053999999999999
302,NZL,CROPYIELD,WHEAT,TONNE_HA,1992.0,5.37
303,NZL,CROPYIELD,WHEAT,TONNE_HA,1993.0,5.437
304,NZL,CROPYIELD,WHEAT,TONNE_HA,1994.0,4.6819999999999995
305,NZL,CROPYIELD,WHEAT,TONNE_HA,1995.0,5.5329999999999995
306,NZL,CROPYIELD,WHEAT,TONNE_HA,1996.0,5.494
307,NZL,CROPYIELD,WHEAT,TONNE_HA,1997.0,5.905
308,NZL,CROPYIELD,WHEAT,TONNE_HA,1998.0,5.332999999999999
309,NZL,CROPYIELD,WHEAT,TONNE_HA,1999.0,6.636
310,NZL,CROPYIELD,WHEAT,TONNE_HA,2000.0,7.428999999999999
311,NZL,CROPYIELD,WHEAT,TONNE_HA,2001.0,7.145
312,NZL,CROPYIELD,WHEAT,TONNE_HA,2002.0,7.485
313,NZL,CROPYIELD,WHEAT,TONNE_HA,2003.0,6.55
314,NZL,CROPYIELD,WHEAT,TONNE_HA,2004.0,8.092
315,NZL,CROPYIELD,WHEAT,TONNE_HA,2005.0,6.896
316,NZL,CROPYIELD,WHEAT,TONNE_HA,2006.0,8.497
317,NZL,CROPYIELD,WHEAT,TONNE_HA,2007.0,8.112
318,NZL,CROPYIELD,WHEAT,TONNE_HA,2008.0,7.492000000000001
319,NZL,CROPYIELD,WHEAT,TONNE_HA,2009.0,8.124
320,NZL,CROPYIELD,WHEAT,TONNE_HA,2010.0,7.2860000000000005
321,NZL,CROPYIELD,WHEAT,TONNE_HA,2011.0,8.925
322,NZL,CROPYIELD,WHEAT,TONNE_HA,2012.0,9.105
323,NZL,CROPYIELD,WHEAT,TONNE_HA,2013.0,9.536
324,NZL,CROPYIELD,WHEAT,TONNE_HA,2014.0,8.615
325,NZL,CROPYIELD,WHEAT,TONNE_HA,2015.0,8.315
326,NZL,CROPYIELD,WHEAT,TONNE_HA,2016.0,9.186
327,NZL,CROPYIELD,WHEAT,TONNE_HA,2017.0,9.883
328,NZL,CROPYIELD,WHEAT,TONNE_HA,2018.0,8.961
329,NZL,CROPYIELD,WHEAT,TONNE_HA,2019.0,8.798
450,ARG,CROPYIELD,RICE,TONNE_HA,1990.0,2.488
451,ARG,CROPYIELD,RICE,TONNE_HA,1991.0,2.752
452,ARG,CROPYIELD,RICE,TONNE_HA,1992.0,3.535
453,ARG,CROPYIELD,RICE,TONNE_HA,1993.0,2.9530000000000003
454,ARG,CROPYIELD,RICE,TONNE_HA,1994.0,2.93
455,ARG,CROPYIELD,RICE,TONNE_HA,1995.0,3.4219999999999997
456,ARG,CROPYIELD,RICE,TONNE_HA,1996.0,3.4739999999999998
457,ARG,CROPYIELD,RICE,TONNE_HA,1997.0,3.642
458,ARG,CROPYIELD,RICE,TONNE_HA,1998.0,3.248
459,ARG,CROPYIELD,RICE,TONNE_HA,1999.0,3.8989999999999996
460,ARG,CROPYIELD,RICE,TONNE_HA,2000.0,3.2510000000000003
461,ARG,CROPYIELD,RICE,TONNE_HA,2001.0,3.8760000000000003
462,ARG,CROPYIELD,RICE,TONNE_HA,2002.0,3.91
463,ARG,CROPYIELD,RICE,TONNE_HA,2003.0,3.6710000000000003
464,ARG,CROPYIELD,RICE,TONNE_HA,2004.0,4.26
465,ARG,CROPYIELD,RICE,TONNE_HA,2005.0,4.0889999999999995
466,ARG,CROPYIELD,RICE,TONNE_HA,2006.0,4.802
467,ARG,CROPYIELD,RICE,TONNE_HA,2007.0,4.462
468,ARG,CROPYIELD,RICE,TONNE_HA,2008.0,4.663
469,ARG,CROPYIELD,RICE,TONNE_HA,2009.0,4.619
470,ARG,CROPYIELD,RICE,TONNE_HA,2010.0,3.92
471,ARG,CROPYIELD,RICE,TONNE_HA,2011.0,4.618
472,ARG,CROPYIELD,RICE,TONNE_HA,2012.0,4.53
473,ARG,CROPYIELD,RICE,TONNE_HA,2013.0,4.569
474,ARG,CROPYIELD,RICE,TONNE_HA,2014.0,4.418
475,ARG,CROPYIELD,RICE,TONNE_HA,2015.0,4.561
476,ARG,CROPYIELD,RICE,TONNE_HA,2016.0,4.583
477,ARG,CROPYIELD,RICE,TONNE_HA,2017.0,4.433
478,ARG,CROPYIELD,RICE,TONNE_HA,2018.0,4.698
479,ARG,CROPYIELD,RICE,TONNE_HA,2019.0,4.357
480,ARG,CROPYIELD,WHEAT,TONNE_HA,1990.0,1.8969999999999998
481,ARG,CROPYIELD,WHEAT,TONNE_HA,1991.0,2.181
482,ARG,CROPYIELD,WHEAT,TONNE_HA,1992.0,2.327
483,ARG,CROPYIELD,WHEAT,TONNE_HA,1993.0,2.024
484,ARG,CROPYIELD,WHEAT,TONNE_HA,1994.0,2.167
485,ARG,CROPYIELD,WHEAT,TONNE_HA,1995.0,1.9340000000000002
486,ARG,CROPYIELD,WHEAT,TONNE_HA,1996.0,2.2430000000000003
487,ARG,CROPYIELD,WHEAT,TONNE_HA,1997.0,2.609
488,ARG,CROPYIELD,WHEAT,TONNE_HA,1998.0,2.303
489,ARG,CROPYIELD,WHEAT,TONNE_HA,1999.0,2.4290000000000003
490,ARG,CROPYIELD,WHEAT,TONNE_HA,2000.0,2.491
491,ARG,CROPYIELD,WHEAT,TONNE_HA,2001.0,2.235
492,ARG,CROPYIELD,WHEAT,TONNE_HA,2002.0,2.033
493,ARG,CROPYIELD,WHEAT,TONNE_HA,2003.0,2.539
494,ARG,CROPYIELD,WHEAT,TONNE_HA,2004.0,2.628
495,ARG,CROPYIELD,WHEAT,TONNE_HA,2005.0,2.531
496,ARG,CROPYIELD,WHEAT,TONNE_HA,2006.0,2.6260000000000003
497,ARG,CROPYIELD,WHEAT,TONNE_HA,2007.0,2.8310000000000004
498,ARG,CROPYIELD,WHEAT,TONNE_HA,2008.0,1.963
499,ARG,CROPYIELD,WHEAT,TONNE_HA,2009.0,2.758
500,ARG,CROPYIELD,WHEAT,TONNE_HA,2010.0,3.5039999999999996
501,ARG,CROPYIELD,WHEAT,TONNE_HA,2011.0,3.225
502,ARG,CROPYIELD,WHEAT,TONNE_HA,2012.0,2.658
503,ARG,CROPYIELD,WHEAT,TONNE_HA,2013.0,2.662
504,ARG,CROPYIELD,WHEAT,TONNE_HA,2014.0,2.81
505,ARG,CROPYIELD,WHEAT,TONNE_HA,2015.0,2.862
506,ARG,CROPYIELD,WHEAT,TONNE_HA,2016.0,3.305
507,ARG,CROPYIELD,WHEAT,TONNE_HA,2017.0,3.181
508,ARG,CROPYIELD,WHEAT,TONNE_HA,2018.0,3.216
509,ARG,CROPYIELD,WHEAT,TONNE_HA,2019.0,3.281
2010,NZL,CROPYIELD,RICE,TONNE_HA,1990.0,0.0
2011,NZL,CROPYIELD,RICE,TONNE_HA,1991.0,0.0
2012,NZL,CROPYIELD,RICE,TONNE_HA,1992.0,0.0
2013,NZL,CROPYIELD,RICE,TONNE_HA,1993.0,0.0
2014,NZL,CROPYIELD,RICE,TONNE_HA,1994.0,0.0
2015,NZL,CROPYIELD,RICE,TONNE_HA,1995.0,0.0
2016,NZL,CROPYIELD,RICE,TONNE_HA,1996.0,0.0
2017,NZL,CROPYIELD,RICE,TONNE_HA,1997.0,0.0
2018,NZL,CROPYIELD,RICE,TONNE_HA,1998.0,0.0
2019,NZL,CROPYIELD,RICE,TONNE_HA,1999.0,0.0
2020,NZL,CROPYIELD,RICE,TONNE_HA,2000.0,0.0
2021,NZL,CROPYIELD,RICE,TONNE_HA,2001.0,0.0
2022,NZL,CROPYIELD,RICE,TONNE_HA,2002.0,0.0
2023,NZL,CROPYIELD,RICE,TONNE_HA,2003.0,0.0
2024,NZL,CROPYIELD,RICE,TONNE_HA,2004.0,0.0
2025,NZL,CROPYIELD,RICE,TONNE_HA,2005.0,0.0
2026,NZL,CROPYIELD,RICE,TONNE_HA,2006.0,0.0
2027,NZL,CROPYIELD,RICE,TONNE_HA,2007.0,0.0
2028,NZL,CROPYIELD,RICE,TONNE_HA,2008.0,0.0
2029,NZL,CROPYIELD,RICE,TONNE_HA,2009.0,0.0
2030,NZL,CROPYIELD,RICE,TONNE_HA,2010.0,0.0
2031,NZL,CROPYIELD,RICE,TONNE_HA,2011.0,0.0
2032,NZL,CROPYIELD,RICE,TONNE_HA,2012.0,0.0
2033,NZL,CROPYIELD,RICE,TONNE_HA,2013.0,0.0
2034,NZL,CROPYIELD,RICE,TONNE_HA,2014.0,0.0
2035,NZL,CROPYIELD,RICE,TONNE_HA,2015.0,0.0
2036,NZL,CROPYIELD,RICE,TONNE_HA,2016.0,0.0
2037,NZL,CROPYIELD,RICE,TONNE_HA,2017.0,0.0
2038,NZL,CROPYIELD,RICE,TONNE_HA,2018.0,0.0
2039,NZL,CROPYIELD,RICE,TONNE_HA,2019.0,0.0
2730,NZL,CROPYIELD,WHEAT,THND_HA,1990.0,37.527
2731,NZL,CROPYIELD,WHEAT,THND_HA,1991.0,37.797
2732,NZL,CROPYIELD,WHEAT,THND_HA,1992.0,40.861
2733,NZL,CROPYIELD,WHEAT,THND_HA,1993.0,44.486999999999995
2734,NZL,CROPYIELD,WHEAT,THND_HA,1994.0,52.361999999999995
2735,NZL,CROPYIELD,WHEAT,THND_HA,1995.0,50.062
2736,NZL,CROPYIELD,WHEAT,THND_HA,1996.0,55.681000000000004
2737,NZL,CROPYIELD,WHEAT,THND_HA,1997.0,51.203
2738,NZL,CROPYIELD,WHEAT,THND_HA,1998.0,52.797
2739,NZL,CROPYIELD,WHEAT,THND_HA,1999.0,49.0
2740,NZL,CROPYIELD,WHEAT,THND_HA,2000.0,49.0
2741,NZL,CROPYIELD,WHEAT,THND_HA,2001.0,42.2
2742,NZL,CROPYIELD,WHEAT,THND_HA,2002.0,42.61
2743,NZL,CROPYIELD,WHEAT,THND_HA,2003.0,39.062
2744,NZL,CROPYIELD,WHEAT,THND_HA,2004.0,39.415
2745,NZL,CROPYIELD,WHEAT,THND_HA,2005.0,37.961999999999996
2746,NZL,CROPYIELD,WHEAT,THND_HA,2006.0,40.538000000000004
2747,NZL,CROPYIELD,WHEAT,THND_HA,2007.0,42.326
2748,NZL,CROPYIELD,WHEAT,THND_HA,2008.0,53.854
2749,NZL,CROPYIELD,WHEAT,THND_HA,2009.0,54.762
2750,NZL,CROPYIELD,WHEAT,THND_HA,2010.0,52.604
2751,NZL,CROPYIELD,WHEAT,THND_HA,2011.0,54.75
2752,NZL,CROPYIELD,WHEAT,THND_HA,2012.0,49.18
2753,NZL,CROPYIELD,WHEAT,THND_HA,2013.0,49.0
2754,NZL,CROPYIELD,WHEAT,THND_HA,2014.0,48.0
2755,NZL,CROPYIELD,WHEAT,THND_HA,2015.0,48.0
2756,NZL,CROPYIELD,WHEAT,THND_HA,2016.0,50.0
2757,NZL,CROPYIELD,WHEAT,THND_HA,2017.0,41.0
2758,NZL,CROPYIELD,WHEAT,THND_HA,2018.0,41.4
2759,NZL,CROPYIELD,WHEAT,THND_HA,2019.0,43.728
3600,NZL,CROPYIELD,WHEAT,THND_TONNE,1990.0,180.69
3601,NZL,CROPYIELD,WHEAT,THND_TONNE,1991.0,191.03900000000002
3602,NZL,CROPYIELD,WHEAT,THND_TONNE,1992.0,219.41400000000002
3603,NZL,CROPYIELD,WHEAT,THND_TONNE,1993.0,241.85299999999998
3604,NZL,CROPYIELD,WHEAT,THND_TONNE,1994.0,245.173
3605,NZL,CROPYIELD,WHEAT,THND_TONNE,1995.0,277.014
3606,NZL,CROPYIELD,WHEAT,THND_TONNE,1996.0,305.923
3607,NZL,CROPYIELD,WHEAT,THND_TONNE,1997.0,302.334
3608,NZL,CROPYIELD,WHEAT,THND_TONNE,1998.0,281.586
3609,NZL,CROPYIELD,WHEAT,THND_TONNE,1999.0,325.164
3610,NZL,CROPYIELD,WHEAT,THND_TONNE,2000.0,364.0
3611,NZL,CROPYIELD,WHEAT,THND_TONNE,2001.0,301.499
3612,NZL,CROPYIELD,WHEAT,THND_TONNE,2002.0,318.916
3613,NZL,CROPYIELD,WHEAT,THND_TONNE,2003.0,255.86
3614,NZL,CROPYIELD,WHEAT,THND_TONNE,2004.0,318.947
3615,NZL,CROPYIELD,WHEAT,THND_TONNE,2005.0,261.798
3616,NZL,CROPYIELD,WHEAT,THND_TONNE,2006.0,344.434
3617,NZL,CROPYIELD,WHEAT,THND_TONNE,2007.0,343.35
3618,NZL,CROPYIELD,WHEAT,THND_TONNE,2008.0,403.463
3619,NZL,CROPYIELD,WHEAT,THND_TONNE,2009.0,444.89
3620,NZL,CROPYIELD,WHEAT,THND_TONNE,2010.0,383.26199999999994
3621,NZL,CROPYIELD,WHEAT,THND_TONNE,2011.0,488.61400000000003
3622,NZL,CROPYIELD,WHEAT,THND_TONNE,2012.0,447.79900000000004
3623,NZL,CROPYIELD,WHEAT,THND_TONNE,2013.0,467.274
3624,NZL,CROPYIELD,WHEAT,THND_TONNE,2014.0,413.5
3625,NZL,CROPYIELD,WHEAT,THND_TONNE,2015.0,399.116
3626,NZL,CROPYIELD,WHEAT,THND_TONNE,2016.0,459.3
3627,NZL,CROPYIELD,WHEAT,THND_TONNE,2017.0,405.2
3628,NZL,CROPYIELD,WHEAT,THND_TONNE,2018.0,371.0
3629,NZL,CROPYIELD,WHEAT,THND_TONNE,2019.0,384.71
4620,ARG,CROPYIELD,WHEAT,THND_TONNE,1990.0,11037.0
4621,ARG,CROPYIELD,WHEAT,THND_TONNE,1991.0,9999.0
4622,ARG,CROPYIELD,WHEAT,THND_TONNE,1992.0,9996.0
4623,ARG,CROPYIELD,WHEAT,THND_TONNE,1993.0,9737.0
4624,ARG,CROPYIELD,WHEAT,THND_TONNE,1994.0,11406.0
4625,ARG,CROPYIELD,WHEAT,THND_TONNE,1995.0,9542.0
4626,ARG,CROPYIELD,WHEAT,THND_TONNE,1996.0,16107.0
4627,ARG,CROPYIELD,WHEAT,THND_TONNE,1997.0,15087.0
4628,ARG,CROPYIELD,WHEAT,THND_TONNE,1998.0,12601.0
4629,ARG,CROPYIELD,WHEAT,THND_TONNE,1999.0,15300.0
4630,ARG,CROPYIELD,WHEAT,THND_TONNE,2000.0,15960.0
4631,ARG,CROPYIELD,WHEAT,THND_TONNE,2001.0,15292.0
4632,ARG,CROPYIELD,WHEAT,THND_TONNE,2002.0,12301.0
4633,ARG,CROPYIELD,WHEAT,THND_TONNE,2003.0,14563.0
4634,ARG,CROPYIELD,WHEAT,THND_TONNE,2004.0,15925.0
4635,ARG,CROPYIELD,WHEAT,THND_TONNE,2005.0,12593.0
4636,ARG,CROPYIELD,WHEAT,THND_TONNE,2006.0,14548.0
4637,ARG,CROPYIELD,WHEAT,THND_TONNE,2007.0,16354.0
4638,ARG,CROPYIELD,WHEAT,THND_TONNE,2008.0,8376.0
4639,ARG,CROPYIELD,WHEAT,THND_TONNE,2009.0,9023.0
4640,ARG,CROPYIELD,WHEAT,THND_TONNE,2010.0,15875.0
4641,ARG,CROPYIELD,WHEAT,THND_TONNE,2011.0,14500.0
4642,ARG,CROPYIELD,WHEAT,THND_TONNE,2012.0,8024.0
4643,ARG,CROPYIELD,WHEAT,THND_TONNE,2013.0,9188.0
4644,ARG,CROPYIELD,WHEAT,THND_TONNE,2014.0,13930.0
4645,ARG,CROPYIELD,WHEAT,THND_TONNE,2015.0,11314.0
4646,ARG,CROPYIELD,WHEAT,THND_TONNE,2016.0,18395.0
4647,ARG,CROPYIELD,WHEAT,THND_TONNE,2017.0,18518.0
4648,ARG,CROPYIELD,WHEAT,THND_TONNE,2018.0,19459.0
4649,ARG,CROPYIELD,WHEAT,THND_TONNE,2019.0,20569.932
4980,NZL,CROPYIELD,RICE,THND_TONNE,1990.0,0.0
4981,NZL,CROPYIELD,RICE,THND_TONNE,1991.0,0.0
4982,NZL,CROPYIELD,RICE,THND_TONNE,1992.0,0.0
4983,NZL,CROPYIELD,RICE,THND_TONNE,1993.0,0.0
4984,NZL,CROPYIELD,RICE,THND_TONNE,1994.0,0.0
4985,NZL,CROPYIELD,RICE,THND_TONNE,1995.0,0.0
4986,NZL,CROPYIELD,RICE,THND_TONNE,1996.0,0.0
4987,NZL,CROPYIELD,RICE,THND_TONNE,1997.0,0.0
4988,NZL,CROPYIELD,RICE,THND_TONNE,1998.0,0.0
4989,NZL,CROPYIELD,RICE,THND_TONNE,1999.0,0.0
4990,NZL,CROPYIELD,RICE,THND_TONNE,2000.0,0.0
4991,NZL,CROPYIELD,RICE,THND_TONNE,2001.0,0.0
4992,NZL,CROPYIELD,RICE,THND_TONNE,2002.0,0.0
4993,NZL,CROPYIELD,RICE,THND_TONNE,2003.0,0.0
4994,NZL,CROPYIELD,RICE,THND_TONNE,2004.0,0.0
4995,NZL,CROPYIELD,RICE,THND_TONNE,2005.0,0.0
4996,NZL,CROPYIELD,RICE,THND_TONNE,2006.0,0.0
4997,NZL,CROPYIELD,RICE,THND_TONNE,2007.0,0.0
4998,NZL,CROPYIELD,RICE,THND_TONNE,2008.0,0.0
4999,NZL,CROPYIELD,RICE,THND_TONNE,2009.0,0.0
5000,NZL,CROPYIELD,RICE,THND_TONNE,2010.0,0.0
5001,NZL,CROPYIELD,RICE,THND_TONNE,2011.0,0.0
5002,NZL,CROPYIELD,RICE,THND_TONNE,2012.0,0.0
5003,NZL,CROPYIELD,RICE,THND_TONNE,2013.0,0.0
5004,NZL,CROPYIELD,RICE,THND_TONNE,2014.0,0.0
5005,NZL,CROPYIELD,RICE,THND_TONNE,2015.0,0.0
5006,NZL,CROPYIELD,RICE,THND_TONNE,2016.0,0.0
5007,NZL,CROPYIELD,RICE,THND_TONNE,2017.0,0.0
5008,NZL,CROPYIELD,RICE,THND_TONNE,2018.0,0.0
5009,NZL,CROPYIELD,RICE,THND_TONNE,2019.0,0.0
5040,ARG,CROPYIELD,WHEAT,THND_HA,1990.0,5817.0
5041,ARG,CROPYIELD,WHEAT,THND_HA,1991.0,4585.0
5042,ARG,CROPYIELD,WHEAT,THND_HA,1992.0,4295.0
5043,ARG,CROPYIELD,WHEAT,THND_HA,1993.0,4811.0
5044,ARG,CROPYIELD,WHEAT,THND_HA,1994.0,5263.0
5045,ARG,CROPYIELD,WHEAT,THND_HA,1995.0,4933.0
5046,ARG,CROPYIELD,WHEAT,THND_HA,1996.0,7182.0
5047,ARG,CROPYIELD,WHEAT,THND_HA,1997.0,5783.0
5048,ARG,CROPYIELD,WHEAT,THND_HA,1998.0,5472.0
5049,ARG,CROPYIELD,WHEAT,THND_HA,1999.0,6300.0
5050,ARG,CROPYIELD,WHEAT,THND_HA,2000.0,6408.0
5051,ARG,CROPYIELD,WHEAT,THND_HA,2001.0,6841.0
5052,ARG,CROPYIELD,WHEAT,THND_HA,2002.0,6050.0
5053,ARG,CROPYIELD,WHEAT,THND_HA,2003.0,5735.0
5054,ARG,CROPYIELD,WHEAT,THND_HA,2004.0,6061.0
5055,ARG,CROPYIELD,WHEAT,THND_HA,2005.0,4976.0
5056,ARG,CROPYIELD,WHEAT,THND_HA,2006.0,5540.0
5057,ARG,CROPYIELD,WHEAT,THND_HA,2007.0,5777.0
5058,ARG,CROPYIELD,WHEAT,THND_HA,2008.0,4266.0
5059,ARG,CROPYIELD,WHEAT,THND_HA,2009.0,3272.0
5060,ARG,CROPYIELD,WHEAT,THND_HA,2010.0,4531.0
5061,ARG,CROPYIELD,WHEAT,THND_HA,2011.0,4496.0
5062,ARG,CROPYIELD,WHEAT,THND_HA,2012.0,3019.0
5063,ARG,CROPYIELD,WHEAT,THND_HA,2013.0,3451.0
5064,ARG,CROPYIELD,WHEAT,THND_HA,2014.0,4957.0
5065,ARG,CROPYIELD,WHEAT,THND_HA,2015.0,3953.0
5066,ARG,CROPYIELD,WHEAT,THND_HA,2016.0,5566.0
5067,ARG,CROPYIELD,WHEAT,THND_HA,2017.0,5822.0
5068,ARG,CROPYIELD,WHEAT,THND_HA,2018.0,6050.0
5069,ARG,CROPYIELD,WHEAT,THND_HA,2019.0,6270.0
5460,ARG,CROPYIELD,RICE,THND_HA,1990.0,117.0
5461,ARG,CROPYIELD,RICE,THND_HA,1991.0,86.0
5462,ARG,CROPYIELD,RICE,THND_HA,1992.0,141.0
5463,ARG,CROPYIELD,RICE,THND_HA,1993.0,140.0
5464,ARG,CROPYIELD,RICE,THND_HA,1994.0,141.0
5465,ARG,CROPYIELD,RICE,THND_HA,1995.0,184.0
5466,ARG,CROPYIELD,RICE,THND_HA,1996.0,193.0
5467,ARG,CROPYIELD,RICE,THND_HA,1997.0,225.0
5468,ARG,CROPYIELD,RICE,THND_HA,1998.0,211.7
5469,ARG,CROPYIELD,RICE,THND_HA,1999.0,289.2
5470,ARG,CROPYIELD,RICE,THND_HA,2000.0,189.1
5471,ARG,CROPYIELD,RICE,THND_HA,2001.0,150.7
5472,ARG,CROPYIELD,RICE,THND_HA,2002.0,124.0
5473,ARG,CROPYIELD,RICE,THND_HA,2003.0,133.0
5474,ARG,CROPYIELD,RICE,THND_HA,2004.0,169.2
5475,ARG,CROPYIELD,RICE,THND_HA,2005.0,159.0
5476,ARG,CROPYIELD,RICE,THND_HA,2006.0,169.0
5477,ARG,CROPYIELD,RICE,THND_HA,2007.0,164.6
5478,ARG,CROPYIELD,RICE,THND_HA,2008.0,183.0
5479,ARG,CROPYIELD,RICE,THND_HA,2009.0,197.1
5480,ARG,CROPYIELD,RICE,THND_HA,2010.0,215.7
5481,ARG,CROPYIELD,RICE,THND_HA,2011.0,257.4
5482,ARG,CROPYIELD,RICE,THND_HA,2012.0,235.4
5483,ARG,CROPYIELD,RICE,THND_HA,2013.0,232.7
5484,ARG,CROPYIELD,RICE,THND_HA,2014.0,243.2
5485,ARG,CROPYIELD,RICE,THND_HA,2015.0,232.6
5486,ARG,CROPYIELD,RICE,THND_HA,2016.0,207.74
5487,ARG,CROPYIELD,RICE,THND_HA,2017.0,204.0
5488,ARG,CROPYIELD,RICE,THND_HA,2018.0,198.0
5489,ARG,CROPYIELD,RICE,THND_HA,2019.0,190.4
5880,ARG,CROPYIELD,RICE,THND_TONNE,1990.0,291.04
5881,ARG,CROPYIELD,RICE,THND_TONNE,1991.0,236.64
5882,ARG,CROPYIELD,RICE,THND_TONNE,1992.0,498.44
5883,ARG,CROPYIELD,RICE,THND_TONNE,1993.0,413.44
5884,ARG,CROPYIELD,RICE,THND_TONNE,1994.0,413.16
5885,ARG,CROPYIELD,RICE,THND_TONNE,1995.0,629.68
5886,ARG,CROPYIELD,RICE,THND_TONNE,1996.0,670.48
5887,ARG,CROPYIELD,RICE,THND_TONNE,1997.0,819.4
5888,ARG,CROPYIELD,RICE,THND_TONNE,1998.0,687.54
5889,ARG,CROPYIELD,RICE,THND_TONNE,1999.0,1127.44
5890,ARG,CROPYIELD,RICE,THND_TONNE,2000.0,614.721
5891,ARG,CROPYIELD,RICE,THND_TONNE,2001.0,584.12
5892,ARG,CROPYIELD,RICE,THND_TONNE,2002.0,484.84
5893,ARG,CROPYIELD,RICE,THND_TONNE,2003.0,488.24
5894,ARG,CROPYIELD,RICE,THND_TONNE,2004.0,720.8
5895,ARG,CROPYIELD,RICE,THND_TONNE,2005.0,650.08
5896,ARG,CROPYIELD,RICE,THND_TONNE,2006.0,811.58
5897,ARG,CROPYIELD,RICE,THND_TONNE,2007.0,734.4680000000001
5898,ARG,CROPYIELD,RICE,THND_TONNE,2008.0,853.4
5899,ARG,CROPYIELD,RICE,THND_TONNE,2009.0,910.452
5900,ARG,CROPYIELD,RICE,THND_TONNE,2010.0,845.444
5901,ARG,CROPYIELD,RICE,THND_TONNE,2011.0,1188.708
5902,ARG,CROPYIELD,RICE,THND_TONNE,2012.0,1066.24
5903,ARG,CROPYIELD,RICE,THND_TONNE,2013.0,1063.18
5904,ARG,CROPYIELD,RICE,THND_TONNE,2014.0,1074.4
5905,ARG,CROPYIELD,RICE,THND_TONNE,2015.0,1060.8
5906,ARG,CROPYIELD,RICE,THND_TONNE,2016.0,952.0
5907,ARG,CROPYIELD,RICE,THND_TONNE,2017.0,904.4
5908,ARG,CROPYIELD,RICE,THND_TONNE,2018.0,930.24
5909,ARG,CROPYIELD,RICE,THND_TONNE,2019.0,829.6
5910,NZL,CROPYIELD,RICE,THND_HA,1990.0,0.0
5911,NZL,CROPYIELD,RICE,THND_HA,1991.0,0.0
5912,NZL,CROPYIELD,RICE,THND_HA,1992.0,0.0
5913,NZL,CROPYIELD,RICE,THND_HA,1993.0,0.0
5914,NZL,CROPYIELD,RICE,THND_HA,1994.0,0.0
5915,NZL,CROPYIELD,RICE,THND_HA,1995.0,0.0
5916,NZL,CROPYIELD,RICE,THND_HA,1996.0,0.0
5917,NZL,CROPYIELD,RICE,THND_HA,1997.0,0.0
5918,NZL,CROPYIELD,RICE,THND_HA,1998.0,0.0
5919,NZL,CROPYIELD,RICE,THND_HA,1999.0,0.0
5920,NZL,CROPYIELD,RICE,THND_HA,2000.0,0.0
5921,NZL,CROPYIELD,RICE,THND_HA,2001.0,0.0
5922,NZL,CROPYIELD,RICE,THND_HA,2002.0,0.0
5923,NZL,CROPYIELD,RICE,THND_HA,2003.0,0.0
5924,NZL,CROPYIELD,RICE,THND_HA,2004.0,0.0
5925,NZL,CROPYIELD,RICE,THND_HA,2005.0,0.0
5926,NZL,CROPYIELD,RICE,THND_HA,2006.0,0.0
5927,NZL,CROPYIELD,RICE,THND_HA,2007.0,0.0
5928,NZL,CROPYIELD,RICE,THND_HA,2008.0,0.0
5929,NZL,CROPYIELD,RICE,THND_HA,2009.0,0.0
5930,NZL,CROPYIELD,RICE,THND_HA,2010.0,0.0
5931,NZL,CROPYIELD,RICE,THND_HA,2011.0,0.0
5932,NZL,CROPYIELD,RICE,THND_HA,2012.0,0.0
5933,NZL,CROPYIELD,RICE,THND_HA,2013.0,0.0
5934,NZL,CROPYIELD,RICE,THND_HA,2014.0,0.0
5935,NZL,CROPYIELD,RICE,THND_HA,2015.0,0.0
5936,NZL,CROPYIELD,RICE,THND_HA,2016.0,0.0
5937,NZL,CROPYIELD,RICE,THND_HA,2017.0,0.0
5938,NZL,CROPYIELD,RICE,THND_HA,2018.0,0.0
5939,NZL,CROPYIELD,RICE,THND_HA,2019.0,0.0
7800,ARG,CROPYIELD,MAIZE,THND_HA,1990.0,1900.0
7801,ARG,CROPYIELD,MAIZE,THND_HA,1991.0,2365.0
7802,ARG,CROPYIELD,MAIZE,THND_HA,1992.0,2503.0
7803,ARG,CROPYIELD,MAIZE,THND_HA,1993.0,2445.0
7804,ARG,CROPYIELD,MAIZE,THND_HA,1994.0,2522.0
7805,ARG,CROPYIELD,MAIZE,THND_HA,1995.0,2604.0
7806,ARG,CROPYIELD,MAIZE,THND_HA,1996.0,3410.0
7807,ARG,CROPYIELD,MAIZE,THND_HA,1997.0,3185.0
7808,ARG,CROPYIELD,MAIZE,THND_HA,1998.0,2515.0
7809,ARG,CROPYIELD,MAIZE,THND_HA,1999.0,3098.0
7810,ARG,CROPYIELD,MAIZE,THND_HA,2000.0,2815.0
7811,ARG,CROPYIELD,MAIZE,THND_HA,2001.0,2420.0
7812,ARG,CROPYIELD,MAIZE,THND_HA,2002.0,2323.0
7813,ARG,CROPYIELD,MAIZE,THND_HA,2003.0,2339.0
7814,ARG,CROPYIELD,MAIZE,THND_HA,2004.0,2783.0
7815,ARG,CROPYIELD,MAIZE,THND_HA,2005.0,2447.0
7816,ARG,CROPYIELD,MAIZE,THND_HA,2006.0,2838.0
7817,ARG,CROPYIELD,MAIZE,THND_HA,2007.0,3412.0
7818,ARG,CROPYIELD,MAIZE,THND_HA,2008.0,2353.0
7819,ARG,CROPYIELD,MAIZE,THND_HA,2009.0,2903.0
7820,ARG,CROPYIELD,MAIZE,THND_HA,2010.0,3747.0
7821,ARG,CROPYIELD,MAIZE,THND_HA,2011.0,3696.0
7822,ARG,CROPYIELD,MAIZE,THND_HA,2012.0,4863.0
7823,ARG,CROPYIELD,MAIZE,THND_HA,2013.0,4836.0
7824,ARG,CROPYIELD,MAIZE,THND_HA,2014.0,4626.0
7825,ARG,CROPYIELD,MAIZE,THND_HA,2015.0,5346.0
7826,ARG,CROPYIELD,MAIZE,THND_HA,2016.0,6536.0
7827,ARG,CROPYIELD,MAIZE,THND_HA,2017.0,7138.0
7828,ARG,CROPYIELD,MAIZE,THND_HA,2018.0,7232.0
7829,ARG,CROPYIELD,MAIZE,THND_HA,2019.0,7029.0
8310,ARG,CROPYIELD,MAIZE,THND_TONNE,1990.0,7685.0
8311,ARG,CROPYIELD,MAIZE,THND_TONNE,1991.0,10701.0
8312,ARG,CROPYIELD,MAIZE,THND_TONNE,1992.0,10901.0
8313,ARG,CROPYIELD,MAIZE,THND_TONNE,1993.0,10360.0
8314,ARG,CROPYIELD,MAIZE,THND_TONNE,1994.0,11404.0
8315,ARG,CROPYIELD,MAIZE,THND_TONNE,1995.0,10518.0
8316,ARG,CROPYIELD,MAIZE,THND_TONNE,1996.0,15537.0
8317,ARG,CROPYIELD,MAIZE,THND_TONNE,1997.0,19361.0
8318,ARG,CROPYIELD,MAIZE,THND_TONNE,1998.0,13504.0
8319,ARG,CROPYIELD,MAIZE,THND_TONNE,1999.0,16781.0
8320,ARG,CROPYIELD,MAIZE,THND_TONNE,2000.0,15359.0
8321,ARG,CROPYIELD,MAIZE,THND_TONNE,2001.0,14712.0
8322,ARG,CROPYIELD,MAIZE,THND_TONNE,2002.0,15045.0
8323,ARG,CROPYIELD,MAIZE,THND_TONNE,2003.0,14951.0
8324,ARG,CROPYIELD,MAIZE,THND_TONNE,2004.0,20483.0
8325,ARG,CROPYIELD,MAIZE,THND_TONNE,2005.0,14446.0
8326,ARG,CROPYIELD,MAIZE,THND_TONNE,2006.0,21755.0
8327,ARG,CROPYIELD,MAIZE,THND_TONNE,2007.0,22017.0
8328,ARG,CROPYIELD,MAIZE,THND_TONNE,2008.0,13121.0
8329,ARG,CROPYIELD,MAIZE,THND_TONNE,2009.0,22677.0
8330,ARG,CROPYIELD,MAIZE,THND_TONNE,2010.0,23800.0
8331,ARG,CROPYIELD,MAIZE,THND_TONNE,2011.0,21197.0
8332,ARG,CROPYIELD,MAIZE,THND_TONNE,2012.0,32100.0
8333,ARG,CROPYIELD,MAIZE,THND_TONNE,2013.0,33000.0
8334,ARG,CROPYIELD,MAIZE,THND_TONNE,2014.0,33800.0
8335,ARG,CROPYIELD,MAIZE,THND_TONNE,2015.0,39800.0
8336,ARG,CROPYIELD,MAIZE,THND_TONNE,2016.0,49500.0
8337,ARG,CROPYIELD,MAIZE,THND_TONNE,2017.0,43460.0
8338,ARG,CROPYIELD,MAIZE,THND_TONNE,2018.0,57000.0
8339,ARG,CROPYIELD,MAIZE,THND_TONNE,2019.0,53000.0
9210,NZL,CROPYIELD,SOYBEAN,TONNE_HA,1990.0,0.0
9211,NZL,CROPYIELD,SOYBEAN,TONNE_HA,1991.0,0.0
9212,NZL,CROPYIELD,SOYBEAN,TONNE_HA,1992.0,0.0
9213,NZL,CROPYIELD,SOYBEAN,TONNE_HA,1993.0,0.0
9214,NZL,CROPYIELD,SOYBEAN,TONNE_HA,1994.0,0.0
9215,NZL,CROPYIELD,SOYBEAN,TONNE_HA,1995.0,0.0
9216,NZL,CROPYIELD,SOYBEAN,TONNE_HA,1996.0,0.0
9217,NZL,CROPYIELD,SOYBEAN,TONNE_HA,1997.0,0.0
9218,NZL,CROPYIELD,SOYBEAN,TONNE_HA,1998.0,0.0
9219,NZL,CROPYIELD,SOYBEAN,TONNE_HA,1999.0,0.0
9220,NZL,CROPYIELD,SOYBEAN,TONNE_HA,2000.0,0.0
9221,NZL,CROPYIELD,SOYBEAN,TONNE_HA,2001.0,0.0
9222,NZL,CROPYIELD,SOYBEAN,TONNE_HA,2002.0,0.0
9223,NZL,CROPYIELD,SOYBEAN,TONNE_HA,2003.0,0.0
9224,NZL,CROPYIELD,SOYBEAN,TONNE_HA,2004.0,0.0
9225,NZL,CROPYIELD,SOYBEAN,TONNE_HA,2005.0,0.0
9226,NZL,CROPYIELD,SOYBEAN,TONNE_HA,2006.0,0.0
9227,NZL,CROPYIELD,SOYBEAN,TONNE_HA,2007.0,0.0
9228,NZL,CROPYIELD,SOYBEAN,TONNE_HA,2008.0,0.0
9229,NZL,CROPYIELD,SOYBEAN,TONNE_HA,2009.0,0.0
9230,NZL,CROPYIELD,SOYBEAN,TONNE_HA,2010.0,0.0
9231,NZL,CROPYIELD,SOYBEAN,TONNE_HA,2011.0,0.0
9232,NZL,CROPYIELD,SOYBEAN,TONNE_HA,2012.0,0.0
9233,NZL,CROPYIELD,SOYBEAN,TONNE_HA,2013.0,0.0
9234,NZL,CROPYIELD,SOYBEAN,TONNE_HA,2014.0,0.0
9235,NZL,CROPYIELD,SOYBEAN,TONNE_HA,2015.0,0.0
9236,NZL,CROPYIELD,SOYBEAN,TONNE_HA,2016.0,0.0
9237,NZL,CROPYIELD,SOYBEAN,TONNE_HA,2017.0,0.0
9238,NZL,CROPYIELD,SOYBEAN,TONNE_HA,2018.0,0.0
9239,NZL,CROPYIELD,SOYBEAN,TONNE_HA,2019.0,0.0
10290,NZL,CROPYIELD,MAIZE,THND_HA,1990.0,19.046
10291,NZL,CROPYIELD,MAIZE,THND_HA,1991.0,17.965999999999998
10292,NZL,CROPYIELD,MAIZE,THND_HA,1992.0,15.925
10293,NZL,CROPYIELD,MAIZE,THND_HA,1993.0,14.664000000000001
10294,NZL,CROPYIELD,MAIZE,THND_HA,1994.0,16.505
10295,NZL,CROPYIELD,MAIZE,THND_HA,1995.0,18.559
10296,NZL,CROPYIELD,MAIZE,THND_HA,1996.0,19.5
10297,NZL,CROPYIELD,MAIZE,THND_HA,1997.0,17.5
10298,NZL,CROPYIELD,MAIZE,THND_HA,1998.0,19.445999999999998
10299,NZL,CROPYIELD,MAIZE,THND_HA,1999.0,17.7
10300,NZL,CROPYIELD,MAIZE,THND_HA,2000.0,17.0
10301,NZL,CROPYIELD,MAIZE,THND_HA,2001.0,14.165999999999999
10302,NZL,CROPYIELD,MAIZE,THND_HA,2002.0,18.291
10303,NZL,CROPYIELD,MAIZE,THND_HA,2003.0,20.282
10304,NZL,CROPYIELD,MAIZE,THND_HA,2004.0,19.235
10305,NZL,CROPYIELD,MAIZE,THND_HA,2005.0,19.686
10306,NZL,CROPYIELD,MAIZE,THND_HA,2006.0,17.03
10307,NZL,CROPYIELD,MAIZE,THND_HA,2007.0,18.3
10308,NZL,CROPYIELD,MAIZE,THND_HA,2008.0,21.558000000000003
10309,NZL,CROPYIELD,MAIZE,THND_HA,2009.0,17.548
10310,NZL,CROPYIELD,MAIZE,THND_HA,2010.0,18.462
10311,NZL,CROPYIELD,MAIZE,THND_HA,2011.0,19.442
10312,NZL,CROPYIELD,MAIZE,THND_HA,2012.0,18.636
10313,NZL,CROPYIELD,MAIZE,THND_HA,2013.0,19.0
10314,NZL,CROPYIELD,MAIZE,THND_HA,2014.0,22.0
10315,NZL,CROPYIELD,MAIZE,THND_HA,2015.0,20.0
10316,NZL,CROPYIELD,MAIZE,THND_HA,2016.0,18.0
10317,NZL,CROPYIELD,MAIZE,THND_HA,2017.0,17.459
10318,NZL,CROPYIELD,MAIZE,THND_HA,2018.0,17.3
10319,NZL,CROPYIELD,MAIZE,THND_HA,2019.0,17.7
