,LOCATION.5,INDICATOR.4,MEASURE.5,TIME.5,VALUE.5
554,NZL,FERTILITY,CHD_WOMAN,1990.0,2.2
555,NZL,FERTILITY,CHD_WOMAN,1991.0,2.1
556,NZL,FERTILITY,CHD_WOMAN,1992.0,2.1
557,NZL,FERTILITY,CHD_WOMAN,1993.0,2.0
558,NZL,FERTILITY,CHD_WOMAN,1994.0,2.0
559,NZL,FERTILITY,CHD_WOMAN,1995.0,2.0
560,NZL,FERTILITY,CHD_WOMAN,1996.0,2.0
561,NZL,FERTILITY,CHD_WOMAN,1997.0,2.0
562,NZL,FERTILITY,CHD_WOMAN,1998.0,1.9
563,NZL,FERTILITY,CHD_WOMAN,1999.0,2.0
564,NZL,FERTILITY,CHD_WOMAN,2000.0,2.0
565,NZL,FERTILITY,CHD_WOMAN,2001.0,2.0
566,NZL,FERTILITY,CHD_WOMAN,2002.0,1.9
567,NZL,FERTILITY,CHD_WOMAN,2003.0,1.9
568,NZL,FERTILITY,CHD_WOMAN,2004.0,2.0
569,NZL,FERTILITY,CHD_WOMAN,2005.0,2.0
570,NZL,FERTILITY,CHD_WOMAN,2006.0,2.0
571,NZL,FERTILITY,CHD_WOMAN,2007.0,2.2
572,NZL,FERTILITY,CHD_WOMAN,2008.0,2.2
573,NZL,FERTILITY,CHD_WOMAN,2009.0,2.1
574,NZL,FERTILITY,CHD_WOMAN,2010.0,2.2
575,NZL,FERTILITY,CHD_WOMAN,2011.0,2.1
576,NZL,FERTILITY,CHD_WOMAN,2012.0,2.1
577,NZL,FERTILITY,CHD_WOMAN,2013.0,2.0
578,NZL,FERTILITY,CHD_WOMAN,2014.0,1.9
579,NZL,FERTILITY,CHD_WOMAN,2015.0,2.0
580,NZL,FERTILITY,CHD_WOMAN,2016.0,1.9
581,NZL,FERTILITY,CHD_WOMAN,2017.0,1.8
582,NZL,FERTILITY,CHD_WOMAN,2018.0,1.7
583,NZL,FERTILITY,CHD_WOMAN,2019.0,1.8
818,GBR,FERTILITY,CHD_WOMAN,1990.0,1.8
819,GBR,FERTILITY,CHD_WOMAN,1991.0,1.8
820,GBR,FERTILITY,CHD_WOMAN,1992.0,1.8
821,GBR,FERTILITY,CHD_WOMAN,1993.0,1.8
822,GBR,FERTILITY,CHD_WOMAN,1994.0,1.7
823,GBR,FERTILITY,CHD_WOMAN,1995.0,1.7
824,GBR,FERTILITY,CHD_WOMAN,1996.0,1.7
825,GBR,FERTILITY,CHD_WOMAN,1997.0,1.7
826,GBR,FERTILITY,CHD_WOMAN,1998.0,1.7
827,GBR,FERTILITY,CHD_WOMAN,1999.0,1.7
828,GBR,FERTILITY,CHD_WOMAN,2000.0,1.6
829,GBR,FERTILITY,CHD_WOMAN,2001.0,1.6
830,GBR,FERTILITY,CHD_WOMAN,2002.0,1.6
831,GBR,FERTILITY,CHD_WOMAN,2003.0,1.7
832,GBR,FERTILITY,CHD_WOMAN,2004.0,1.8
833,GBR,FERTILITY,CHD_WOMAN,2005.0,1.8
834,GBR,FERTILITY,CHD_WOMAN,2006.0,1.8
835,GBR,FERTILITY,CHD_WOMAN,2007.0,1.9
836,GBR,FERTILITY,CHD_WOMAN,2008.0,1.9
837,GBR,FERTILITY,CHD_WOMAN,2009.0,1.9
838,GBR,FERTILITY,CHD_WOMAN,2010.0,1.9
839,GBR,FERTILITY,CHD_WOMAN,2011.0,1.9
840,GBR,FERTILITY,CHD_WOMAN,2012.0,1.9
841,GBR,FERTILITY,CHD_WOMAN,2013.0,1.8
842,GBR,FERTILITY,CHD_WOMAN,2014.0,1.8
843,GBR,FERTILITY,CHD_WOMAN,2015.0,1.8
844,GBR,FERTILITY,CHD_WOMAN,2016.0,1.8
845,GBR,FERTILITY,CHD_WOMAN,2017.0,1.7
846,GBR,FERTILITY,CHD_WOMAN,2018.0,1.7
1253,ARG,FERTILITY,CHD_WOMAN,1990.0,3.0
1254,ARG,FERTILITY,CHD_WOMAN,1991.0,3.0
1255,ARG,FERTILITY,CHD_WOMAN,1992.0,2.9
1256,ARG,FERTILITY,CHD_WOMAN,1993.0,2.9
1257,ARG,FERTILITY,CHD_WOMAN,1994.0,2.8
1258,ARG,FERTILITY,CHD_WOMAN,1995.0,2.8
1259,ARG,FERTILITY,CHD_WOMAN,1996.0,2.7
1260,ARG,FERTILITY,CHD_WOMAN,1997.0,2.7
1261,ARG,FERTILITY,CHD_WOMAN,1998.0,2.6
1262,ARG,FERTILITY,CHD_WOMAN,1999.0,2.6
1263,ARG,FERTILITY,CHD_WOMAN,2000.0,2.5
1264,ARG,FERTILITY,CHD_WOMAN,2001.0,2.5
1265,ARG,FERTILITY,CHD_WOMAN,2002.0,2.5
1266,ARG,FERTILITY,CHD_WOMAN,2003.0,2.5
1267,ARG,FERTILITY,CHD_WOMAN,2004.0,2.4
1268,ARG,FERTILITY,CHD_WOMAN,2005.0,2.4
1269,ARG,FERTILITY,CHD_WOMAN,2006.0,2.4
1270,ARG,FERTILITY,CHD_WOMAN,2007.0,2.4
1271,ARG,FERTILITY,CHD_WOMAN,2008.0,2.4
1272,ARG,FERTILITY,CHD_WOMAN,2009.0,2.4
1273,ARG,FERTILITY,CHD_WOMAN,2010.0,2.3
1274,ARG,FERTILITY,CHD_WOMAN,2011.0,2.3
1275,ARG,FERTILITY,CHD_WOMAN,2012.0,2.3
1276,ARG,FERTILITY,CHD_WOMAN,2013.0,2.3
1277,ARG,FERTILITY,CHD_WOMAN,2014.0,2.3
1278,ARG,FERTILITY,CHD_WOMAN,2015.0,2.3
1279,ARG,FERTILITY,CHD_WOMAN,2016.0,2.3
1280,ARG,FERTILITY,CHD_WOMAN,2017.0,2.3
1281,ARG,FERTILITY,CHD_WOMAN,2018.0,2.3
