,LOCATION.17,INDICATOR.16,SUBJECT.6,MEASURE.16,TIME.17,VALUE.17
693,NZL,GGCOST,COMPEMPLOYEE,PC_GDP,2007.0,9.12
694,NZL,GGCOST,COMPEMPLOYEE,PC_GDP,2008.0,9.75
695,NZL,GGCOST,COMPEMPLOYEE,PC_GDP,2009.0,9.97
696,NZL,GGCOST,COMPEMPLOYEE,PC_GDP,2010.0,9.84
697,NZL,GGCOST,COMPEMPLOYEE,PC_GDP,2011.0,9.64
698,NZL,GGCOST,COMPEMPLOYEE,PC_GDP,2012.0,9.66
699,NZL,GGCOST,COMPEMPLOYEE,PC_GDP,2013.0,9.31
700,NZL,GGCOST,COMPEMPLOYEE,PC_GDP,2014.0,9.23
701,NZL,GGCOST,COMPEMPLOYEE,PC_GDP,2015.0,9.07
702,NZL,GGCOST,COMPEMPLOYEE,PC_GDP,2016.0,8.91
703,NZL,GGCOST,COMPEMPLOYEE,PC_GDP,2017.0,8.67
704,NZL,GGCOST,COMPEMPLOYEE,PC_GDP,2018.0,8.91
705,NZL,GGCOST,GSUSE,PC_GDP,2007.0,10.38
706,NZL,GGCOST,GSUSE,PC_GDP,2008.0,11.19
707,NZL,GGCOST,GSUSE,PC_GDP,2009.0,11.12
708,NZL,GGCOST,GSUSE,PC_GDP,2010.0,11.14
709,NZL,GGCOST,GSUSE,PC_GDP,2011.0,11.16
710,NZL,GGCOST,GSUSE,PC_GDP,2012.0,10.92
711,NZL,GGCOST,GSUSE,PC_GDP,2013.0,10.71
712,NZL,GGCOST,GSUSE,PC_GDP,2014.0,10.9
713,NZL,GGCOST,GSUSE,PC_GDP,2015.0,10.73
714,NZL,GGCOST,GSUSE,PC_GDP,2016.0,10.63
715,NZL,GGCOST,GSUSE,PC_GDP,2017.0,10.64
716,NZL,GGCOST,GSUSE,PC_GDP,2018.0,10.88
717,NZL,GGCOST,TOT,PC_GDP,2007.0,21.76
718,NZL,GGCOST,TOT,PC_GDP,2008.0,23.33
719,NZL,GGCOST,TOT,PC_GDP,2009.0,23.56
720,NZL,GGCOST,TOT,PC_GDP,2010.0,23.36
721,NZL,GGCOST,TOT,PC_GDP,2011.0,23.17
722,NZL,GGCOST,TOT,PC_GDP,2012.0,22.95
723,NZL,GGCOST,TOT,PC_GDP,2013.0,22.3
724,NZL,GGCOST,TOT,PC_GDP,2014.0,22.44
725,NZL,GGCOST,TOT,PC_GDP,2015.0,22.16
726,NZL,GGCOST,TOT,PC_GDP,2016.0,21.86
727,NZL,GGCOST,TOT,PC_GDP,2017.0,21.57
728,NZL,GGCOST,TOT,PC_GDP,2018.0,22.08
999,GBR,GGCOST,COMPEMPLOYEE,PC_GDP,2007.0,10.11
1000,GBR,GGCOST,COMPEMPLOYEE,PC_GDP,2008.0,10.11
1001,GBR,GGCOST,COMPEMPLOYEE,PC_GDP,2009.0,10.75
1002,GBR,GGCOST,COMPEMPLOYEE,PC_GDP,2010.0,10.71
1003,GBR,GGCOST,COMPEMPLOYEE,PC_GDP,2011.0,10.26
1004,GBR,GGCOST,COMPEMPLOYEE,PC_GDP,2012.0,9.98
1005,GBR,GGCOST,COMPEMPLOYEE,PC_GDP,2013.0,9.36
1006,GBR,GGCOST,COMPEMPLOYEE,PC_GDP,2014.0,9.15
1007,GBR,GGCOST,COMPEMPLOYEE,PC_GDP,2015.0,9.02
1008,GBR,GGCOST,COMPEMPLOYEE,PC_GDP,2016.0,8.96
1009,GBR,GGCOST,COMPEMPLOYEE,PC_GDP,2017.0,8.91
1010,GBR,GGCOST,COMPEMPLOYEE,PC_GDP,2018.0,8.88
1011,GBR,GGCOST,COMPEMPLOYEE,PC_GDP,2019.0,9.02
1012,GBR,GGCOST,GSUSE,PC_GDP,2007.0,10.4
1013,GBR,GGCOST,GSUSE,PC_GDP,2008.0,11.12
1014,GBR,GGCOST,GSUSE,PC_GDP,2009.0,12.18
1015,GBR,GGCOST,GSUSE,PC_GDP,2010.0,11.8
1016,GBR,GGCOST,GSUSE,PC_GDP,2011.0,11.34
1017,GBR,GGCOST,GSUSE,PC_GDP,2012.0,11.21
1018,GBR,GGCOST,GSUSE,PC_GDP,2013.0,11.21
1019,GBR,GGCOST,GSUSE,PC_GDP,2014.0,11.14
1020,GBR,GGCOST,GSUSE,PC_GDP,2015.0,10.93
1021,GBR,GGCOST,GSUSE,PC_GDP,2016.0,10.62
1022,GBR,GGCOST,GSUSE,PC_GDP,2017.0,10.28
1023,GBR,GGCOST,GSUSE,PC_GDP,2018.0,10.22
1024,GBR,GGCOST,GSUSE,PC_GDP,2019.0,10.42
1025,GBR,GGCOST,TOT,PC_GDP,2007.0,22.24
1026,GBR,GGCOST,TOT,PC_GDP,2008.0,23.06
1027,GBR,GGCOST,TOT,PC_GDP,2009.0,24.94
1028,GBR,GGCOST,TOT,PC_GDP,2010.0,24.5
1029,GBR,GGCOST,TOT,PC_GDP,2011.0,23.59
1030,GBR,GGCOST,TOT,PC_GDP,2012.0,23.2
1031,GBR,GGCOST,TOT,PC_GDP,2013.0,22.56
1032,GBR,GGCOST,TOT,PC_GDP,2014.0,22.28
1033,GBR,GGCOST,TOT,PC_GDP,2015.0,21.93
1034,GBR,GGCOST,TOT,PC_GDP,2016.0,21.55
1035,GBR,GGCOST,TOT,PC_GDP,2017.0,21.14
1036,GBR,GGCOST,TOT,PC_GDP,2018.0,21.01
1037,GBR,GGCOST,TOT,PC_GDP,2019.0,21.32
1566,NZL,GGCOST,OTH,PC_GDP,2007.0,2.25
1567,NZL,GGCOST,OTH,PC_GDP,2008.0,2.39
1568,NZL,GGCOST,OTH,PC_GDP,2009.0,2.46
1569,NZL,GGCOST,OTH,PC_GDP,2010.0,2.39
1570,NZL,GGCOST,OTH,PC_GDP,2011.0,2.37
1571,NZL,GGCOST,OTH,PC_GDP,2012.0,2.38
1572,NZL,GGCOST,OTH,PC_GDP,2013.0,2.29
1573,NZL,GGCOST,OTH,PC_GDP,2014.0,2.32
1574,NZL,GGCOST,OTH,PC_GDP,2015.0,2.36
1575,NZL,GGCOST,OTH,PC_GDP,2016.0,2.32
1576,NZL,GGCOST,OTH,PC_GDP,2017.0,2.26
1577,NZL,GGCOST,OTH,PC_GDP,2018.0,2.29
1678,GBR,GGCOST,OTH,PC_GDP,2007.0,1.72
1679,GBR,GGCOST,OTH,PC_GDP,2008.0,1.83
1680,GBR,GGCOST,OTH,PC_GDP,2009.0,2.01
1681,GBR,GGCOST,OTH,PC_GDP,2010.0,1.99
1682,GBR,GGCOST,OTH,PC_GDP,2011.0,1.99
1683,GBR,GGCOST,OTH,PC_GDP,2012.0,2.01
1684,GBR,GGCOST,OTH,PC_GDP,2013.0,1.99
1685,GBR,GGCOST,OTH,PC_GDP,2014.0,1.98
1686,GBR,GGCOST,OTH,PC_GDP,2015.0,1.98
1687,GBR,GGCOST,OTH,PC_GDP,2016.0,1.97
1688,GBR,GGCOST,OTH,PC_GDP,2017.0,1.95
1689,GBR,GGCOST,OTH,PC_GDP,2018.0,1.91
1690,GBR,GGCOST,OTH,PC_GDP,2019.0,1.88
