,LOCATION.15,INDICATOR.14,MEASURE.14,TIME.15,VALUE.15
243,NZL,GGREV,THND_USD_CAP,2007.0,12499.21
244,NZL,GGREV,THND_USD_CAP,2008.0,12426.15
245,NZL,GGREV,THND_USD_CAP,2009.0,11939.26
246,NZL,GGREV,THND_USD_CAP,2010.0,12648.91
247,NZL,GGREV,THND_USD_CAP,2011.0,12903.19
248,NZL,GGREV,THND_USD_CAP,2012.0,13168.75
249,NZL,GGREV,THND_USD_CAP,2013.0,14364.62
250,NZL,GGREV,THND_USD_CAP,2014.0,14891.34
251,NZL,GGREV,THND_USD_CAP,2015.0,14718.0
252,NZL,GGREV,THND_USD_CAP,2016.0,16076.54
253,NZL,GGREV,THND_USD_CAP,2017.0,16485.92
254,NZL,GGREV,THND_USD_CAP,2018.0,16990.38
355,GBR,GGREV,THND_USD_CAP,2007.0,13603.44
356,GBR,GGREV,THND_USD_CAP,2008.0,14360.6
357,GBR,GGREV,THND_USD_CAP,2009.0,13011.54
358,GBR,GGREV,THND_USD_CAP,2010.0,13856.13
359,GBR,GGREV,THND_USD_CAP,2011.0,14211.22
360,GBR,GGREV,THND_USD_CAP,2012.0,14339.21
361,GBR,GGREV,THND_USD_CAP,2013.0,15328.49
362,GBR,GGREV,THND_USD_CAP,2014.0,15487.89
363,GBR,GGREV,THND_USD_CAP,2015.0,16039.35
364,GBR,GGREV,THND_USD_CAP,2016.0,16850.1
365,GBR,GGREV,THND_USD_CAP,2017.0,17803.99
366,GBR,GGREV,THND_USD_CAP,2018.0,18179.37
367,GBR,GGREV,THND_USD_CAP,2019.0,18712.57
