,LOCATION.16,INDICATOR.15,MEASURE.15,TIME.16,VALUE.16
243,NZL,GGEXP,THND_USD_CAP,2007.0,11208.93
244,NZL,GGEXP,THND_USD_CAP,2008.0,12245.74
245,NZL,GGEXP,THND_USD_CAP,2009.0,12750.32
246,NZL,GGEXP,THND_USD_CAP,2010.0,14739.58
247,NZL,GGEXP,THND_USD_CAP,2011.0,14191.52
248,NZL,GGEXP,THND_USD_CAP,2012.0,13839.21
249,NZL,GGEXP,THND_USD_CAP,2013.0,14498.26
250,NZL,GGEXP,THND_USD_CAP,2014.0,14775.57
251,NZL,GGEXP,THND_USD_CAP,2015.0,14557.55
252,NZL,GGEXP,THND_USD_CAP,2016.0,15562.03
253,NZL,GGEXP,THND_USD_CAP,2017.0,15787.43
254,NZL,GGEXP,THND_USD_CAP,2018.0,16471.93
355,GBR,GGEXP,THND_USD_CAP,2007.0,14549.55
356,GBR,GGEXP,THND_USD_CAP,2008.0,16246.48
357,GBR,GGEXP,THND_USD_CAP,2009.0,16544.2
358,GBR,GGEXP,THND_USD_CAP,2010.0,17231.26
359,GBR,GGEXP,THND_USD_CAP,2011.0,17000.12
360,GBR,GGEXP,THND_USD_CAP,2012.0,17464.94
361,GBR,GGEXP,THND_USD_CAP,2013.0,17538.04
362,GBR,GGEXP,THND_USD_CAP,2014.0,17781.19
363,GBR,GGEXP,THND_USD_CAP,2015.0,17991.55
364,GBR,GGEXP,THND_USD_CAP,2016.0,18328.03
365,GBR,GGEXP,THND_USD_CAP,2017.0,18933.07
366,GBR,GGEXP,THND_USD_CAP,2018.0,19220.81
367,GBR,GGEXP,THND_USD_CAP,2019.0,19712.85
