,LOCATION.7,INDICATOR.6,SUBJECT.2,MEASURE.6,TIME.7,VALUE.7
204,NZL,INCOMEINEQ,GINI,INEQ,2011.0,0.32299999999999995
205,NZL,INCOMEINEQ,GINI,INEQ,2012.0,0.33299999999999996
206,NZL,INCOMEINEQ,GINI,INEQ,2014.0,0.349
294,GBR,INCOMEINEQ,GINI,INEQ,2002.0,0.359
295,GBR,INCOMEINEQ,GINI,INEQ,2003.0,0.353
296,GBR,INCOMEINEQ,GINI,INEQ,2004.0,0.354
297,GBR,INCOMEINEQ,GINI,INEQ,2005.0,0.359
298,GBR,INCOMEINEQ,GINI,INEQ,2006.0,0.364
299,GBR,INCOMEINEQ,GINI,INEQ,2007.0,0.373
300,GBR,INCOMEINEQ,GINI,INEQ,2008.0,0.369
301,GBR,INCOMEINEQ,GINI,INEQ,2009.0,0.374
302,GBR,INCOMEINEQ,GINI,INEQ,2010.0,0.35100000000000003
303,GBR,INCOMEINEQ,GINI,INEQ,2011.0,0.354
304,GBR,INCOMEINEQ,GINI,INEQ,2012.0,0.35100000000000003
305,GBR,INCOMEINEQ,GINI,INEQ,2013.0,0.358
306,GBR,INCOMEINEQ,GINI,INEQ,2014.0,0.35600000000000004
307,GBR,INCOMEINEQ,GINI,INEQ,2015.0,0.36
308,GBR,INCOMEINEQ,GINI,INEQ,2016.0,0.35100000000000003
309,GBR,INCOMEINEQ,GINI,INEQ,2017.0,0.35700000000000004
310,GBR,INCOMEINEQ,GINI,INEQ,2018.0,0.366
