,LOCATION.3,INDICATOR.2,MEASURE.3,TIME.3,VALUE.3
565,NZL,GFCF,MLN_USD,1990.0,10227.516
566,NZL,GFCF,MLN_USD,1991.0,8987.771999999999
567,NZL,GFCF,MLN_USD,1992.0,9411.745
568,NZL,GFCF,MLN_USD,1993.0,11133.27
569,NZL,GFCF,MLN_USD,1994.0,13174.178999999998
570,NZL,GFCF,MLN_USD,1995.0,14750.78
571,NZL,GFCF,MLN_USD,1996.0,15397.204
572,NZL,GFCF,MLN_USD,1997.0,16027.832
573,NZL,GFCF,MLN_USD,1998.0,15169.396999999999
574,NZL,GFCF,MLN_USD,1999.0,17264.718
575,NZL,GFCF,MLN_USD,2000.0,17308.91
576,NZL,GFCF,MLN_USD,2001.0,18760.617
577,NZL,GFCF,MLN_USD,2002.0,20187.727
578,NZL,GFCF,MLN_USD,2003.0,22449.06
579,NZL,GFCF,MLN_USD,2004.0,24827.821
580,NZL,GFCF,MLN_USD,2005.0,26267.092999999997
581,NZL,GFCF,MLN_USD,2006.0,27760.499
582,NZL,GFCF,MLN_USD,2007.0,29654.042999999998
583,NZL,GFCF,MLN_USD,2008.0,28813.141
584,NZL,GFCF,MLN_USD,2009.0,26544.068
585,NZL,GFCF,MLN_USD,2010.0,26731.292
586,NZL,GFCF,MLN_USD,2011.0,28484.811
587,NZL,GFCF,MLN_USD,2012.0,29895.245
588,NZL,GFCF,MLN_USD,2013.0,34139.494
589,NZL,GFCF,MLN_USD,2014.0,37558.039
590,NZL,GFCF,MLN_USD,2015.0,39457.988
591,NZL,GFCF,MLN_USD,2016.0,42551.386
592,NZL,GFCF,MLN_USD,2017.0,45978.58900000001
593,NZL,GFCF,MLN_USD,2018.0,48938.097
832,GBR,GFCF,MLN_USD,1990.0,226294.12399999998
833,GBR,GFCF,MLN_USD,1991.0,203589.52800000002
834,GBR,GFCF,MLN_USD,1992.0,195150.553
835,GBR,GFCF,MLN_USD,1993.0,195659.387
836,GBR,GFCF,MLN_USD,1994.0,212408.092
837,GBR,GFCF,MLN_USD,1995.0,214647.00100000002
838,GBR,GFCF,MLN_USD,1996.0,235992.11399999997
839,GBR,GFCF,MLN_USD,1997.0,228628.06100000002
840,GBR,GFCF,MLN_USD,1998.0,242029.27300000002
841,GBR,GFCF,MLN_USD,1999.0,251032.33
842,GBR,GFCF,MLN_USD,2000.0,277182.582
843,GBR,GFCF,MLN_USD,2001.0,293684.234
844,GBR,GFCF,MLN_USD,2002.0,308903.084
845,GBR,GFCF,MLN_USD,2003.0,315179.07300000003
846,GBR,GFCF,MLN_USD,2004.0,331583.321
847,GBR,GFCF,MLN_USD,2005.0,343239.787
848,GBR,GFCF,MLN_USD,2006.0,375012.734
849,GBR,GFCF,MLN_USD,2007.0,393924.472
850,GBR,GFCF,MLN_USD,2008.0,395171.01
851,GBR,GFCF,MLN_USD,2009.0,347073.81799999997
852,GBR,GFCF,MLN_USD,2010.0,360781.484
853,GBR,GFCF,MLN_USD,2011.0,362327.403
854,GBR,GFCF,MLN_USD,2012.0,378309.86100000003
855,GBR,GFCF,MLN_USD,2013.0,402106.88899999997
856,GBR,GFCF,MLN_USD,2014.0,436265.777
857,GBR,GFCF,MLN_USD,2015.0,468860.87299999996
858,GBR,GFCF,MLN_USD,2016.0,499067.586
859,GBR,GFCF,MLN_USD,2017.0,523476.026
860,GBR,GFCF,MLN_USD,2018.0,527767.065
861,GBR,GFCF,MLN_USD,2019.0,555484.375
1381,ARG,GFCF,MLN_USD,2004.0,74727.73
1382,ARG,GFCF,MLN_USD,2005.0,91567.05300000001
1383,ARG,GFCF,MLN_USD,2006.0,107686.845
1384,ARG,GFCF,MLN_USD,2007.0,128331.728
1385,ARG,GFCF,MLN_USD,2008.0,132606.872
1386,ARG,GFCF,MLN_USD,2009.0,103038.362
1387,ARG,GFCF,MLN_USD,2010.0,122600.737
1388,ARG,GFCF,MLN_USD,2011.0,137514.344
1389,ARG,GFCF,MLN_USD,2012.0,130339.744
1390,ARG,GFCF,MLN_USD,2013.0,138425.761
1391,ARG,GFCF,MLN_USD,2014.0,133869.18
1392,ARG,GFCF,MLN_USD,2015.0,134401.124
1393,ARG,GFCF,MLN_USD,2016.0,125379.429
1394,ARG,GFCF,MLN_USD,2017.0,156143.58800000002
1395,ARG,GFCF,MLN_USD,2018.0,149493.579
1396,ARG,GFCF,MLN_USD,2019.0,135422.135
