,LOCATION.12,INDICATOR.11,SUBJECT.5,MEASURE.11,TIME.12,VALUE.12
265,NZL,OVEROBESE,MEASURED,PC_POP15,1997.0,53.8
266,NZL,OVEROBESE,MEASURED,PC_POP15,2003.0,60.5
267,NZL,OVEROBESE,MEASURED,PC_POP15,2007.0,62.5
268,NZL,OVEROBESE,MEASURED,PC_POP15,2009.0,64.7
269,NZL,OVEROBESE,MEASURED,PC_POP15,2012.0,64.3
270,NZL,OVEROBESE,MEASURED,PC_POP15,2013.0,64.8
271,NZL,OVEROBESE,MEASURED,PC_POP15,2014.0,65.1
272,NZL,OVEROBESE,MEASURED,PC_POP15,2015.0,65.6
273,NZL,OVEROBESE,MEASURED,PC_POP15,2016.0,66.8
274,NZL,OVEROBESE,MEASURED,PC_POP15,2017.0,66.6
275,NZL,OVEROBESE,MEASURED,PC_POP15,2018.0,66.8
276,NZL,OVEROBESE,MEASURED,PC_POP15,2019.0,65.1
334,GBR,OVEROBESE,MEASURED,PC_POP15,1991.0,49.0
335,GBR,OVEROBESE,MEASURED,PC_POP15,1992.0,50.0
336,GBR,OVEROBESE,MEASURED,PC_POP15,1993.0,52.9
337,GBR,OVEROBESE,MEASURED,PC_POP15,1994.0,53.1
338,GBR,OVEROBESE,MEASURED,PC_POP15,1995.0,54.5
339,GBR,OVEROBESE,MEASURED,PC_POP15,1996.0,56.2
340,GBR,OVEROBESE,MEASURED,PC_POP15,1997.0,56.9
341,GBR,OVEROBESE,MEASURED,PC_POP15,1998.0,57.7
342,GBR,OVEROBESE,MEASURED,PC_POP15,1999.0,57.9
343,GBR,OVEROBESE,MEASURED,PC_POP15,2000.0,60.0
344,GBR,OVEROBESE,MEASURED,PC_POP15,2001.0,61.6
345,GBR,OVEROBESE,MEASURED,PC_POP15,2002.0,60.6
346,GBR,OVEROBESE,MEASURED,PC_POP15,2003.0,60.5
347,GBR,OVEROBESE,MEASURED,PC_POP15,2004.0,61.8
348,GBR,OVEROBESE,MEASURED,PC_POP15,2005.0,60.5
349,GBR,OVEROBESE,MEASURED,PC_POP15,2006.0,61.6
350,GBR,OVEROBESE,MEASURED,PC_POP15,2007.0,60.8
351,GBR,OVEROBESE,MEASURED,PC_POP15,2008.0,61.4
352,GBR,OVEROBESE,MEASURED,PC_POP15,2009.0,61.3
353,GBR,OVEROBESE,MEASURED,PC_POP15,2010.0,62.8
354,GBR,OVEROBESE,MEASURED,PC_POP15,2011.0,61.7
355,GBR,OVEROBESE,MEASURED,PC_POP15,2012.0,61.9
356,GBR,OVEROBESE,MEASURED,PC_POP15,2013.0,62.1
357,GBR,OVEROBESE,MEASURED,PC_POP15,2014.0,61.7
358,GBR,OVEROBESE,MEASURED,PC_POP15,2015.0,62.9
359,GBR,OVEROBESE,MEASURED,PC_POP15,2016.0,61.4
360,GBR,OVEROBESE,MEASURED,PC_POP15,2017.0,64.3
361,GBR,OVEROBESE,MEASURED,PC_POP15,2018.0,63.3
