,LOCATION.4,INDICATOR.3,MEASURE.4,TIME.4,VALUE.4
1653,NZL,POP,MLN_PER,1990.0,1.67081
1654,NZL,POP,MLN_PER,1991.0,1.7193
1655,NZL,POP,MLN_PER,1992.0,1.739
1656,NZL,POP,MLN_PER,1993.0,1.7594
1657,NZL,POP,MLN_PER,1994.0,1.7838
1658,NZL,POP,MLN_PER,1995.0,1.8108
1659,NZL,POP,MLN_PER,1996.0,1.8413
1660,NZL,POP,MLN_PER,1997.0,1.8637
1661,NZL,POP,MLN_PER,1998.0,1.8778
1662,NZL,POP,MLN_PER,1999.0,1.8849
1663,NZL,POP,MLN_PER,2000.0,1.8938
1664,NZL,POP,MLN_PER,2001.0,1.9032
1665,NZL,POP,MLN_PER,2002.0,1.9365
1666,NZL,POP,MLN_PER,2003.0,1.9756
1667,NZL,POP,MLN_PER,2004.0,2.0038
1668,NZL,POP,MLN_PER,2005.0,2.0252
1669,NZL,POP,MLN_PER,2006.0,2.0483
1670,NZL,POP,MLN_PER,2007.0,2.0664
1671,NZL,POP,MLN_PER,2008.0,2.0834
1672,NZL,POP,MLN_PER,2009.0,2.1047
1673,NZL,POP,MLN_PER,2010.0,2.1277
1674,NZL,POP,MLN_PER,2011.0,2.1436
1675,NZL,POP,MLN_PER,2012.0,2.155
1676,NZL,POP,MLN_PER,2013.0,2.1722
1677,NZL,POP,MLN_PER,2014.0,2.2096
1678,NZL,POP,MLN_PER,2015.0,2.2572
1679,NZL,POP,MLN_PER,2016.0,2.3091
1680,NZL,POP,MLN_PER,2017.0,2.3611
1681,NZL,POP,MLN_PER,2018.0,2.4089
1682,NZL,POP,MLN_PER,1990.0,3.390085
1683,NZL,POP,MLN_PER,1991.0,3.4951
1684,NZL,POP,MLN_PER,1992.0,3.5317
1685,NZL,POP,MLN_PER,1993.0,3.5722
1686,NZL,POP,MLN_PER,1994.0,3.6201
1687,NZL,POP,MLN_PER,1995.0,3.6734
1688,NZL,POP,MLN_PER,1996.0,3.7319999999999998
1689,NZL,POP,MLN_PER,1997.0,3.7813
1690,NZL,POP,MLN_PER,1998.0,3.815
1691,NZL,POP,MLN_PER,1999.0,3.8351
1692,NZL,POP,MLN_PER,2000.0,3.8577
1693,NZL,POP,MLN_PER,2001.0,3.8805
1694,NZL,POP,MLN_PER,2002.0,3.9485
1695,NZL,POP,MLN_PER,2003.0,4.0272
1696,NZL,POP,MLN_PER,2004.0,4.0875
1697,NZL,POP,MLN_PER,2005.0,4.1339
1698,NZL,POP,MLN_PER,2006.0,4.1846
1699,NZL,POP,MLN_PER,2007.0,4.2238
1700,NZL,POP,MLN_PER,2008.0,4.2598
1701,NZL,POP,MLN_PER,2009.0,4.3026
1702,NZL,POP,MLN_PER,2010.0,4.3507
1703,NZL,POP,MLN_PER,2011.0,4.3839999999999995
1704,NZL,POP,MLN_PER,2012.0,4.4081
1705,NZL,POP,MLN_PER,2013.0,4.4421
1706,NZL,POP,MLN_PER,2014.0,4.5097
1707,NZL,POP,MLN_PER,2015.0,4.5957
1708,NZL,POP,MLN_PER,2016.0,4.6932
1709,NZL,POP,MLN_PER,2017.0,4.7939
1710,NZL,POP,MLN_PER,2018.0,4.8855
1711,NZL,POP,MLN_PER,1990.0,1719.275
1712,NZL,POP,MLN_PER,1991.0,1775.8
1713,NZL,POP,MLN_PER,1992.0,1792.7
1714,NZL,POP,MLN_PER,1993.0,1812.8
1715,NZL,POP,MLN_PER,1994.0,1836.3
1716,NZL,POP,MLN_PER,1995.0,1862.6
1717,NZL,POP,MLN_PER,1996.0,1890.7
1718,NZL,POP,MLN_PER,1997.0,1917.7
1719,NZL,POP,MLN_PER,1998.0,1937.2
1720,NZL,POP,MLN_PER,1999.0,1950.2
1721,NZL,POP,MLN_PER,2000.0,1964.0
1722,NZL,POP,MLN_PER,2001.0,1977.3
1723,NZL,POP,MLN_PER,2002.0,2012.0
1724,NZL,POP,MLN_PER,2003.0,2051.7
1725,NZL,POP,MLN_PER,2004.0,2083.8
1726,NZL,POP,MLN_PER,2005.0,2108.7
1727,NZL,POP,MLN_PER,2006.0,2136.2
1728,NZL,POP,MLN_PER,2007.0,2157.3
1729,NZL,POP,MLN_PER,2008.0,2176.3
1730,NZL,POP,MLN_PER,2009.0,2197.9
1731,NZL,POP,MLN_PER,2010.0,2222.9
1732,NZL,POP,MLN_PER,2011.0,2240.4
1733,NZL,POP,MLN_PER,2012.0,2253.1
1734,NZL,POP,MLN_PER,2013.0,2269.9
1735,NZL,POP,MLN_PER,2014.0,2300.2
1736,NZL,POP,MLN_PER,2015.0,2338.5
1737,NZL,POP,MLN_PER,2016.0,2384.1
1738,NZL,POP,MLN_PER,2017.0,2432.8
1739,NZL,POP,MLN_PER,2018.0,2476.6
2436,GBR,POP,MLN_PER,1990.0,27.818539
2437,GBR,POP,MLN_PER,1991.0,27.909002
2438,GBR,POP,MLN_PER,1992.0,27.976848999999998
2439,GBR,POP,MLN_PER,1993.0,28.039272999999998
2440,GBR,POP,MLN_PER,1994.0,28.108331
2441,GBR,POP,MLN_PER,1995.0,28.203701000000002
2442,GBR,POP,MLN_PER,1996.0,28.287144
2443,GBR,POP,MLN_PER,1997.0,28.371035
2444,GBR,POP,MLN_PER,1998.0,28.45836
2445,GBR,POP,MLN_PER,1999.0,28.578474
2446,GBR,POP,MLN_PER,2000.0,28.69045
2447,GBR,POP,MLN_PER,2001.0,28.832264000000002
2448,GBR,POP,MLN_PER,2002.0,28.972747
2449,GBR,POP,MLN_PER,2003.0,29.125318
2450,GBR,POP,MLN_PER,2004.0,29.296969
2451,GBR,POP,MLN_PER,2005.0,29.540981
2452,GBR,POP,MLN_PER,2006.0,29.761578999999998
2453,GBR,POP,MLN_PER,2007.0,30.027882
2454,GBR,POP,MLN_PER,2008.0,30.300622999999998
2455,GBR,POP,MLN_PER,2009.0,30.532212
2456,GBR,POP,MLN_PER,2010.0,30.805493
2457,GBR,POP,MLN_PER,2011.0,31.097259
2458,GBR,POP,MLN_PER,2012.0,31.315222
2459,GBR,POP,MLN_PER,2013.0,31.533021
2460,GBR,POP,MLN_PER,2014.0,31.793752
2461,GBR,POP,MLN_PER,2015.0,32.074445000000004
2462,GBR,POP,MLN_PER,2016.0,32.377674
2463,GBR,POP,MLN_PER,2017.0,32.581801
2464,GBR,POP,MLN_PER,2018.0,32.790202
2465,GBR,POP,MLN_PER,1990.0,57.23749300000001
2466,GBR,POP,MLN_PER,1991.0,57.438658
2467,GBR,POP,MLN_PER,1992.0,57.58453000000001
2468,GBR,POP,MLN_PER,1993.0,57.713889
2469,GBR,POP,MLN_PER,1994.0,57.862145
2470,GBR,POP,MLN_PER,1995.0,58.024799
2471,GBR,POP,MLN_PER,1996.0,58.164374
2472,GBR,POP,MLN_PER,1997.0,58.314249
2473,GBR,POP,MLN_PER,1998.0,58.474943
2474,GBR,POP,MLN_PER,1999.0,58.684427
2475,GBR,POP,MLN_PER,2000.0,58.886065
2476,GBR,POP,MLN_PER,2001.0,59.113016
2477,GBR,POP,MLN_PER,2002.0,59.365677000000005
2478,GBR,POP,MLN_PER,2003.0,59.636662
2479,GBR,POP,MLN_PER,2004.0,59.950364
2480,GBR,POP,MLN_PER,2005.0,60.413276
2481,GBR,POP,MLN_PER,2006.0,60.82706700000001
2482,GBR,POP,MLN_PER,2007.0,61.319075
2483,GBR,POP,MLN_PER,2008.0,61.823772
2484,GBR,POP,MLN_PER,2009.0,62.260486
2485,GBR,POP,MLN_PER,2010.0,62.75945600000001
2486,GBR,POP,MLN_PER,2011.0,63.28514499999999
2487,GBR,POP,MLN_PER,2012.0,63.70503000000001
2488,GBR,POP,MLN_PER,2013.0,64.105654
2489,GBR,POP,MLN_PER,2014.0,64.596752
2490,GBR,POP,MLN_PER,2015.0,65.110034
2491,GBR,POP,MLN_PER,2016.0,65.648054
2492,GBR,POP,MLN_PER,2017.0,66.04022900000001
2493,GBR,POP,MLN_PER,2018.0,66.43555
2494,GBR,POP,MLN_PER,1990.0,29418.953999999998
2495,GBR,POP,MLN_PER,1991.0,29529.656000000003
2496,GBR,POP,MLN_PER,1992.0,29607.681
2497,GBR,POP,MLN_PER,1993.0,29674.616
2498,GBR,POP,MLN_PER,1994.0,29753.814
2499,GBR,POP,MLN_PER,1995.0,29821.097999999998
2500,GBR,POP,MLN_PER,1996.0,29877.23
2501,GBR,POP,MLN_PER,1997.0,29943.214
2502,GBR,POP,MLN_PER,1998.0,30016.583
2503,GBR,POP,MLN_PER,1999.0,30105.952999999998
2504,GBR,POP,MLN_PER,2000.0,30195.615
2505,GBR,POP,MLN_PER,2001.0,30280.752
2506,GBR,POP,MLN_PER,2002.0,30392.93
2507,GBR,POP,MLN_PER,2003.0,30511.343999999997
2508,GBR,POP,MLN_PER,2004.0,30653.395
2509,GBR,POP,MLN_PER,2005.0,30872.295
2510,GBR,POP,MLN_PER,2006.0,31065.487999999998
2511,GBR,POP,MLN_PER,2007.0,31291.193
2512,GBR,POP,MLN_PER,2008.0,31523.148999999998
2513,GBR,POP,MLN_PER,2009.0,31728.273999999998
2514,GBR,POP,MLN_PER,2010.0,31953.963
2515,GBR,POP,MLN_PER,2011.0,32187.886000000002
2516,GBR,POP,MLN_PER,2012.0,32389.807999999997
2517,GBR,POP,MLN_PER,2013.0,32572.632999999998
2518,GBR,POP,MLN_PER,2014.0,32803.0
2519,GBR,POP,MLN_PER,2015.0,33035.589
2520,GBR,POP,MLN_PER,2016.0,33270.38
2521,GBR,POP,MLN_PER,2017.0,33458.428
2522,GBR,POP,MLN_PER,2018.0,33645.348
3480,ARG,POP,MLN_PER,1990.0,15.996665
3481,ARG,POP,MLN_PER,1991.0,16.212969
3482,ARG,POP,MLN_PER,1992.0,16.430164
3483,ARG,POP,MLN_PER,1993.0,16.645978
3484,ARG,POP,MLN_PER,1994.0,16.858144
3485,ARG,POP,MLN_PER,1995.0,17.064387
3486,ARG,POP,MLN_PER,1996.0,17.264238
3487,ARG,POP,MLN_PER,1997.0,17.459211
3488,ARG,POP,MLN_PER,1998.0,17.650012
3489,ARG,POP,MLN_PER,1999.0,17.837342
3490,ARG,POP,MLN_PER,2000.0,18.0219
3491,ARG,POP,MLN_PER,2001.0,18.200162
3492,ARG,POP,MLN_PER,2002.0,18.382135
3493,ARG,POP,MLN_PER,2003.0,18.567912
3494,ARG,POP,MLN_PER,2004.0,18.757584
3495,ARG,POP,MLN_PER,2005.0,18.951245
3496,ARG,POP,MLN_PER,2006.0,19.141314
3497,ARG,POP,MLN_PER,2007.0,19.335197
3498,ARG,POP,MLN_PER,2008.0,19.532999
3499,ARG,POP,MLN_PER,2009.0,19.7348
3500,ARG,POP,MLN_PER,2010.0,19.940704
3501,ARG,POP,MLN_PER,2011.0,20.180791
3502,ARG,POP,MLN_PER,2012.0,20.420391
3503,ARG,POP,MLN_PER,2013.0,20.659036999999998
3504,ARG,POP,MLN_PER,2014.0,20.896203
3505,ARG,POP,MLN_PER,2015.0,21.131346
3506,ARG,POP,MLN_PER,2016.0,21.36447
3507,ARG,POP,MLN_PER,2017.0,21.595623
3508,ARG,POP,MLN_PER,2018.0,21.824372
3509,ARG,POP,MLN_PER,1990.0,32.580853999999995
3510,ARG,POP,MLN_PER,1991.0,33.028546
3511,ARG,POP,MLN_PER,1992.0,33.475004999999996
3512,ARG,POP,MLN_PER,1993.0,33.91744
3513,ARG,POP,MLN_PER,1994.0,34.353066
3514,ARG,POP,MLN_PER,1995.0,34.779096
3515,ARG,POP,MLN_PER,1996.0,35.195575
3516,ARG,POP,MLN_PER,1997.0,35.604362
3517,ARG,POP,MLN_PER,1998.0,36.005387
3518,ARG,POP,MLN_PER,1999.0,36.398577
3519,ARG,POP,MLN_PER,2000.0,36.783859
3520,ARG,POP,MLN_PER,2001.0,37.156653999999996
3521,ARG,POP,MLN_PER,2002.0,37.537783000000005
3522,ARG,POP,MLN_PER,2003.0,37.927463
3523,ARG,POP,MLN_PER,2004.0,38.325927
3524,ARG,POP,MLN_PER,2005.0,38.733406
3525,ARG,POP,MLN_PER,2006.0,39.127239
3526,ARG,POP,MLN_PER,2007.0,39.52944
3527,ARG,POP,MLN_PER,2008.0,39.940234000000004
3528,ARG,POP,MLN_PER,2009.0,40.359828
3529,ARG,POP,MLN_PER,2010.0,40.788453000000004
3530,ARG,POP,MLN_PER,2011.0,41.26149
3531,ARG,POP,MLN_PER,2012.0,41.733271
3532,ARG,POP,MLN_PER,2013.0,42.202935
3533,ARG,POP,MLN_PER,2014.0,42.6695
3534,ARG,POP,MLN_PER,2015.0,43.131966
3535,ARG,POP,MLN_PER,2016.0,43.590368
3536,ARG,POP,MLN_PER,2017.0,44.044810999999996
3537,ARG,POP,MLN_PER,2018.0,44.494502000000004
3538,ARG,POP,MLN_PER,1990.0,16584.189
3539,ARG,POP,MLN_PER,1991.0,16815.577
3540,ARG,POP,MLN_PER,1992.0,17044.841
3541,ARG,POP,MLN_PER,1993.0,17271.462
3542,ARG,POP,MLN_PER,1994.0,17494.922
3543,ARG,POP,MLN_PER,1995.0,17714.709
3544,ARG,POP,MLN_PER,1996.0,17931.337
3545,ARG,POP,MLN_PER,1997.0,18145.151
3546,ARG,POP,MLN_PER,1998.0,18355.375
3547,ARG,POP,MLN_PER,1999.0,18561.235
3548,ARG,POP,MLN_PER,2000.0,18761.959
3549,ARG,POP,MLN_PER,2001.0,18956.492
3550,ARG,POP,MLN_PER,2002.0,19155.648
3551,ARG,POP,MLN_PER,2003.0,19359.551
3552,ARG,POP,MLN_PER,2004.0,19568.343
3553,ARG,POP,MLN_PER,2005.0,19782.161
3554,ARG,POP,MLN_PER,2006.0,19985.925
3555,ARG,POP,MLN_PER,2007.0,20194.243000000002
3556,ARG,POP,MLN_PER,2008.0,20407.235
3557,ARG,POP,MLN_PER,2009.0,20625.028000000002
3558,ARG,POP,MLN_PER,2010.0,20847.749
3559,ARG,POP,MLN_PER,2011.0,21080.699
3560,ARG,POP,MLN_PER,2012.0,21312.88
3561,ARG,POP,MLN_PER,2013.0,21543.897999999997
3562,ARG,POP,MLN_PER,2014.0,21773.297000000002
3563,ARG,POP,MLN_PER,2015.0,22000.62
3564,ARG,POP,MLN_PER,2016.0,22225.897999999997
3565,ARG,POP,MLN_PER,2017.0,22449.188
3566,ARG,POP,MLN_PER,2018.0,22670.13
