,LOCATION.6,INDICATOR.5,TIME.6,VALUE.6
218,NZL,POVERTY,2011.0,0.098
219,NZL,POVERTY,2012.0,0.099
220,NZL,POVERTY,2014.0,0.109
308,GBR,POVERTY,2002.0,0.126
309,GBR,POVERTY,2003.0,0.124
310,GBR,POVERTY,2004.0,0.11599999999999999
311,GBR,POVERTY,2005.0,0.12
312,GBR,POVERTY,2006.0,0.126
313,GBR,POVERTY,2007.0,0.128
314,GBR,POVERTY,2008.0,0.12300000000000001
315,GBR,POVERTY,2009.0,0.11199999999999999
316,GBR,POVERTY,2010.0,0.11
317,GBR,POVERTY,2011.0,0.10400000000000001
318,GBR,POVERTY,2012.0,0.105
319,GBR,POVERTY,2013.0,0.10400000000000001
320,GBR,POVERTY,2014.0,0.105
321,GBR,POVERTY,2015.0,0.109
322,GBR,POVERTY,2016.0,0.111
323,GBR,POVERTY,2017.0,0.11900000000000001
324,GBR,POVERTY,2018.0,0.11699999999999999
