,LOCATION.13,INDICATOR.12,MEASURE.12,TIME.13,VALUE.13
535,NZL,HUR,PC_LF,1990.0,7.975
536,NZL,HUR,PC_LF,1991.0,10.6
537,NZL,HUR,PC_LF,1992.0,10.65
538,NZL,HUR,PC_LF,1993.0,9.8
539,NZL,HUR,PC_LF,1994.0,8.35
540,NZL,HUR,PC_LF,1995.0,6.45
541,NZL,HUR,PC_LF,1996.0,6.3
542,NZL,HUR,PC_LF,1997.0,6.825
543,NZL,HUR,PC_LF,1998.0,7.725
544,NZL,HUR,PC_LF,1999.0,7.025
545,NZL,HUR,PC_LF,2000.0,6.15
546,NZL,HUR,PC_LF,2001.0,5.45
547,NZL,HUR,PC_LF,2002.0,5.3
548,NZL,HUR,PC_LF,2003.0,4.775
549,NZL,HUR,PC_LF,2004.0,4.025
550,NZL,HUR,PC_LF,2005.0,3.825
551,NZL,HUR,PC_LF,2006.0,3.85
552,NZL,HUR,PC_LF,2007.0,3.575
553,NZL,HUR,PC_LF,2008.0,4.025
554,NZL,HUR,PC_LF,2009.0,5.825
555,NZL,HUR,PC_LF,2010.0,6.15
556,NZL,HUR,PC_LF,2011.0,5.95
557,NZL,HUR,PC_LF,2012.0,6.4
558,NZL,HUR,PC_LF,2013.0,5.75
559,NZL,HUR,PC_LF,2014.0,5.375
560,NZL,HUR,PC_LF,2015.0,5.35
561,NZL,HUR,PC_LF,2016.0,5.1
562,NZL,HUR,PC_LF,2017.0,4.7
563,NZL,HUR,PC_LF,2018.0,4.3
564,NZL,HUR,PC_LF,2019.0,4.075
755,GBR,HUR,PC_LF,1990.0,6.866667
756,GBR,HUR,PC_LF,1991.0,8.591666
757,GBR,HUR,PC_LF,1992.0,9.766666
758,GBR,HUR,PC_LF,1993.0,10.19167
759,GBR,HUR,PC_LF,1994.0,9.3
760,GBR,HUR,PC_LF,1995.0,8.491667
761,GBR,HUR,PC_LF,1996.0,7.908333
762,GBR,HUR,PC_LF,1997.0,6.808333
763,GBR,HUR,PC_LF,1998.0,6.141667
764,GBR,HUR,PC_LF,1999.0,5.908333
765,GBR,HUR,PC_LF,2000.0,5.366667
766,GBR,HUR,PC_LF,2001.0,5.0
767,GBR,HUR,PC_LF,2002.0,5.133333
768,GBR,HUR,PC_LF,2003.0,4.95
769,GBR,HUR,PC_LF,2004.0,4.7
770,GBR,HUR,PC_LF,2005.0,4.7916669999999995
771,GBR,HUR,PC_LF,2006.0,5.35
772,GBR,HUR,PC_LF,2007.0,5.275
773,GBR,HUR,PC_LF,2008.0,5.616667
774,GBR,HUR,PC_LF,2009.0,7.55
775,GBR,HUR,PC_LF,2010.0,7.808333
776,GBR,HUR,PC_LF,2011.0,8.058333
777,GBR,HUR,PC_LF,2012.0,7.925
778,GBR,HUR,PC_LF,2013.0,7.55
779,GBR,HUR,PC_LF,2014.0,6.141667
780,GBR,HUR,PC_LF,2015.0,5.325
781,GBR,HUR,PC_LF,2016.0,4.825
782,GBR,HUR,PC_LF,2017.0,4.35
783,GBR,HUR,PC_LF,2018.0,4.016667
784,GBR,HUR,PC_LF,2019.0,3.766667
